GEOID,Walk15_EVSE
36005000100,0
36005000200,0
36005000400,0
36005001600,0
36005001901,50
36005001902,0
36005001903,50
36005001904,0
36005002001,0
36005002002,0
36005002300,50
36005002400,0
36005002500,50
36005002701,0
36005002702,0
36005002800,0
36005003100,2
36005003300,0
36005003500,0
36005003700,0
36005003800,0
36005003900,50
36005004001,0
36005004100,0
36005004200,0
36005004300,0
36005004400,3
36005004600,0
36005004800,3
36005005001,3
36005005002,3
36005005100,50
36005005200,3
36005005300,0
36005005400,3
36005005600,3
36005005902,0
36005006000,3
36005006100,0
36005006200,3
36005006301,2
36005006302,0
36005006400,3
36005006500,0
36005006700,0
36005006800,3
36005006900,0
36005007000,3
36005007100,0
36005007200,0
36005007300,0
36005007400,0
36005007500,0
36005007600,3
36005007700,0
36005007800,2
36005007900,0
36005008300,0
36005008400,0
36005008500,0
36005008600,0
36005008700,0
36005008900,0
36005009000,0
36005009200,2
36005009301,0
36005009302,0
36005009600,2
36005009800,0
36005011000,0
36005011502,0
36005011701,0
36005011702,0
36005011800,0
36005011900,0
36005012101,0
36005012102,0
36005012300,0
36005012500,0
36005012701,0
36005012901,0
36005013000,0
36005013100,0
36005013200,0
36005013300,0
36005013500,0
36005013800,0
36005014100,0
36005014300,0
36005014400,0
36005014500,0
36005014701,0
36005014702,0
36005014900,0
36005015100,0
36005015200,0
36005015300,0
36005015500,0
36005015700,0
36005015800,0
36005015900,0
36005016000,0
36005016100,0
36005016200,0
36005016300,0
36005016400,0
36005016500,0
36005016600,0
36005016700,0
36005016900,0
36005017100,0
36005017300,0
36005017500,0
36005017701,0
36005017702,0
36005017901,0
36005017902,0
36005018101,0
36005018102,0
36005018301,0
36005018302,0
36005018400,0
36005018501,0
36005018502,0
36005018900,0
36005019300,0
36005019400,0
36005019500,0
36005019700,0
36005019900,0
36005020000,2
36005020100,0
36005020200,2
36005020400,0
36005020501,0
36005020502,0
36005020601,2
36005020900,0
36005021001,0
36005021002,0
36005021100,0
36005021200,0
36005021301,0
36005021302,0
36005021501,0
36005021502,0
36005021601,0
36005021602,0
36005021700,0
36005021800,0
36005021900,0
36005022000,0
36005022101,0
36005022102,0
36005022200,0
36005022300,0
36005022401,0
36005022403,0
36005022404,0
36005022500,0
36005022701,0
36005022702,0
36005022703,0
36005022800,0
36005022901,0
36005022902,0
36005023000,0
36005023100,0
36005023200,0
36005023301,0
36005023302,0
36005023501,0
36005023502,0
36005023600,0
36005023702,5
36005023703,5
36005023704,5
36005023800,0
36005023900,5
36005024000,0
36005024100,0
36005024300,0
36005024400,0
36005024501,0
36005024502,0
36005024600,0
36005024700,0
36005024800,0
36005024900,0
36005025000,0
36005025100,5
36005025200,0
36005025300,5
36005025400,0
36005025500,5
36005025600,0
36005025700,0
36005026100,5
36005026300,5
36005026400,0
36005026500,5
36005026601,0
36005026602,0
36005026701,9
36005026702,12
36005026900,0
36005027300,8
36005027401,0
36005027402,0
36005027600,0
36005027700,8
36005027900,12
36005028100,10
36005028300,12
36005028400,0
36005028500,12
36005028600,0
36005028700,12
36005028800,0
36005028900,8
36005029301,0
36005029302,0
36005029500,12
36005029600,0
36005029700,8
36005030000,0
36005030100,0
36005030201,0
36005030202,0
36005030701,0
36005030900,0
36005031000,2
36005031200,0
36005031400,0
36005031600,0
36005031800,0
36005031900,0
36005032300,4
36005032400,0
36005032600,0
36005032800,0
36005033000,0
36005033201,0
36005033202,0
36005033400,0
36005033500,4
36005033601,0
36005033602,0
36005033700,4
36005033801,0
36005033802,0
36005034000,0
36005034200,1
36005034300,0
36005034400,1
36005034500,0
36005034800,1
36005035000,1
36005035100,4
36005035600,2
36005035800,11
36005035900,3
36005036000,2
36005036100,5
36005036300,5
36005036400,7
36005036501,5
36005036502,2
36005036700,0
36005036800,7
36005036901,0
36005036902,0
36005037000,1
36005037100,2
36005037200,1
36005037300,2
36005037400,2
36005037504,0
36005037600,2
36005037800,2
36005037900,0
36005038000,1
36005038100,0
36005038200,7
36005038301,5
36005038303,5
36005038304,5
36005038500,0
36005038600,11
36005038700,0
36005038800,7
36005038900,2
36005039000,0
36005039100,2
36005039200,0
36005039300,5
36005039400,0
36005039500,0
36005039600,0
36005039700,0
36005039800,10
36005039901,5
36005039902,5
36005040100,5
36005040302,5
36005040303,9
36005040304,9
36005040400,4
36005040501,0
36005040502,0
36005040600,0
36005040701,4
36005040702,4
36005040800,0
36005040900,10
36005041100,10
36005041300,4
36005041400,7
36005041500,0
36005041800,0
36005041900,8
36005042000,0
36005042100,8
36005042200,0
36005042300,8
36005042400,4
36005042500,2
36005042600,4
36005042800,0
36005042901,2
36005042902,8
36005043000,0
36005043101,8
36005043102,8
36005043400,7
36005043501,0
36005043502,6
36005043503,0
36005043600,7
36005044200,7
36005044400,7
36005044800,0
36005044901,0
36005044902,0
36005045101,0
36005045102,0
36005045600,0
36005045800,4
36005046000,10
36005046203,0
36005046204,2
36005046205,2
36005046206,2
36005046207,2
36005046208,12
36005046209,4
36005048401,4
36005048402,4
36005050400,0
36005051601,0
36005051602,0
36047000100,18
36047000200,12
36047000301,18
36047000501,18
36047000502,18
36047000700,12
36047000900,18
36047001100,18
36047001300,12
36047001501,12
36047001502,0
36047001801,10
36047001802,10
36047001803,0
36047001804,0
36047002000,2
36047002100,12
36047002200,2
36047002300,12
36047002901,6
36047003000,0
36047003101,6
36047003102,11
36047003300,21
36047003400,0
36047003500,25
36047003600,0
36047003700,6
36047003800,0
36047003900,4
36047004100,6
36047004300,14
36047004400,0
36047004500,14
36047004600,6
36047004700,8
36047004900,8
36047005000,6
36047005100,8
36047005201,5
36047005202,5
36047005301,4
36047005302,4
36047005303,0
36047005400,10
36047005601,5
36047005602,5
36047005800,10
36047005900,4
36047006000,10
36047006200,10
36047006300,8
36047006400,6
36047006500,2
36047006600,0
36047006700,8
36047006800,2
36047006901,14
36047006902,8
36047007000,2
36047007100,2
36047007200,2
36047007400,2
36047007500,2
36047007600,2
36047007700,2
36047007800,2
36047008000,8
36047008200,8
36047008400,12
36047008500,4
36047008600,2
36047008800,10
36047009001,4
36047009002,24
36047009201,24
36047009202,24
36047009401,22
36047009402,24
36047009600,22
36047009800,22
36047010000,4
36047010100,10
36047010200,2
36047010401,2
36047010402,22
36047010601,22
36047010602,20
36047010801,22
36047010802,20
36047011000,22
36047011200,22
36047011400,22
36047011600,20
36047011700,4
36047011800,2
36047011901,2
36047011902,6
36047012000,2
36047012100,4
36047012200,2
36047012600,2
36047012700,4
36047012801,2
36047012901,4
36047012902,14
36047013000,2
36047013100,4
36047013200,2
36047013300,10
36047013400,7
36047013500,12
36047013600,6
36047013700,12
36047013800,6
36047013900,10
36047014000,5
36047014101,4
36047014102,4
36047014200,6
36047014300,4
36047014500,8
36047014700,2
36047014800,0
36047014901,12
36047014902,12
36047015000,0
36047015100,12
36047015200,10
36047015300,12
36047015400,0
36047015500,10
36047015700,14
36047015900,12
36047016000,10
36047016100,25
36047016200,10
36047016300,32
36047016400,4
36047016500,10
36047016600,5
36047016700,14
36047016800,0
36047016900,4
36047017000,0
36047017100,2
36047017200,0
36047017400,0
36047017500,0
36047017600,0
36047017700,8
36047017800,0
36047017900,25
36047018000,0
36047018100,25
36047018200,0
36047018300,11
36047018400,0
36047018501,0
36047018600,0
36047018700,11
36047018800,0
36047019000,0
36047019100,0
36047019200,0
36047019300,11
36047019400,0
36047019500,21
36047019600,0
36047019700,25
36047019800,0
36047019900,25
36047020000,0
36047020100,25
36047020200,0
36047020300,32
36047020400,0
36047020500,32
36047020600,5
36047020700,23
36047020800,0
36047021000,0
36047021100,0
36047021200,2
36047021300,7
36047021400,20
36047021500,17
36047021600,20
36047021700,7
36047021800,20
36047021900,9
36047022000,22
36047022100,9
36047022200,22
36047022400,22
36047022600,8
36047022700,28
36047022800,2
36047022900,21
36047023000,2
36047023100,21
36047023200,0
36047023300,0
36047023400,20
36047023500,0
36047023600,20
36047023800,20
36047024000,0
36047024100,0
36047024200,0
36047024300,0
36047024400,0
36047024500,0
36047024600,0
36047024700,2
36047024800,0
36047024900,0
36047025000,0
36047025100,0
36047025200,0
36047025300,50
36047025400,0
36047025500,52
36047025600,0
36047025700,52
36047025800,0
36047025901,52
36047025902,62
36047026000,0
36047026100,52
36047026200,0
36047026300,0
36047026400,0
36047026500,0
36047026600,0
36047026700,2
36047026800,0
36047026900,4
36047027000,0
36047027100,4
36047027200,0
36047027300,4
36047027400,0
36047027500,2
36047027600,0
36047027700,0
36047027800,0
36047027900,0
36047028000,0
36047028100,2
36047028200,0
36047028300,62
36047028400,0
36047028501,62
36047028502,62
36047028600,0
36047028700,12
36047028800,0
36047028900,12
36047029000,0
36047029100,0
36047029200,0
36047029300,2
36047029400,0
36047029500,2
36047029600,0
36047029700,4
36047029800,0
36047029900,22
36047030000,0
36047030100,0
36047030200,0
36047030300,20
36047030400,0
36047030500,21
36047030600,0
36047030700,22
36047030800,0
36047030900,24
36047031100,4
36047031300,2
36047031401,0
36047031402,0
36047031500,9
36047031701,9
36047031702,9
36047031900,2
36047032100,0
36047032300,0
36047032500,0
36047032600,0
36047032700,0
36047032800,0
36047032900,4
36047033000,0
36047033100,8
36047033300,2
36047033500,2
36047033600,0
36047033701,2
36047033702,2
36047033900,2
36047034000,0
36047034100,2
36047034200,0
36047034300,24
36047034500,24
36047034700,22
36047034800,22
36047034901,22
36047034902,20
36047035000,22
36047035101,22
36047035102,12
36047035200,0
36047035301,22
36047035302,0
36047035400,22
36047035500,0
36047035601,22
36047035602,22
36047035701,20
36047035702,20
36047035900,20
36047036001,22
36047036002,0
36047036100,20
36047036200,22
36047036300,20
36047036400,22
36047036501,0
36047036502,0
36047036600,17
36047036700,0
36047036900,0
36047037000,1
36047037100,0
36047037300,0
36047037401,1
36047037402,23
36047037500,0
36047037700,0
36047037900,2
36047038100,22
36047038200,0
36047038300,2
36047038500,0
36047038600,0
36047038700,0
36047038800,1
36047038900,62
36047039000,1
36047039100,12
36047039200,1
36047039300,12
36047039400,1
36047039500,0
36047039600,0
36047039700,0
36047039800,0
36047039900,0
36047040000,0
36047040100,0
36047040200,0
36047040300,0
36047040400,0
36047040500,0
36047040600,0
36047040700,0
36047040800,0
36047040900,6
36047041000,0
36047041100,0
36047041200,0
36047041300,6
36047041401,0
36047041402,0
36047041500,6
36047041600,0
36047041700,0
36047041800,0
36047041900,0
36047042000,0
36047042100,0
36047042200,0
36047042300,10
36047042400,0
36047042500,12
36047042600,0
36047042700,10
36047042800,0
36047042900,0
36047043000,0
36047043100,0
36047043200,0
36047043300,6
36047043400,0
36047043500,6
36047043600,0
36047043700,6
36047043800,0
36047043900,6
36047044000,0
36047044100,6
36047044200,0
36047044300,0
36047044400,0
36047044500,0
36047044600,0
36047044700,0
36047044800,0
36047044901,4
36047044902,4
36047045000,1
36047045200,1
36047045300,14
36047045400,0
36047045600,1
36047045800,1
36047046000,1
36047046201,1
36047046202,1
36047046400,1
36047046800,0
36047047000,0
36047047200,0
36047047400,1
36047047600,1
36047047700,10
36047047800,1
36047048000,1
36047048100,4
36047048200,1
36047048400,1
36047048500,12
36047048600,0
36047048800,0
36047048900,62
36047049000,1
36047049100,62
36047049200,0
36047049301,6
36047049302,12
36047049400,0
36047049500,10
36047049600,2
36047049700,10
36047049800,2
36047049900,10
36047050001,2
36047050002,0
36047050100,21
36047050202,2
36047050300,21
36047050401,2
36047050402,0
36047050500,17
36047050600,0
36047050700,62
36047050801,0
36047050803,0
36047050804,0
36047050900,67
36047051001,0
36047051002,0
36047051100,73
36047051200,0
36047051300,21
36047051400,0
36047051500,10
36047051601,0
36047051602,0
36047051700,10
36047051800,0
36047051900,21
36047052000,0
36047052300,23
36047052500,23
36047052600,1
36047052700,21
36047052800,1
36047052900,65
36047053000,1
36047053101,65
36047053102,52
36047053200,0
36047053300,65
36047053400,0
36047053500,23
36047053700,50
36047053800,2
36047053900,17
36047054200,0
36047054300,0
36047054400,0
36047054500,17
36047054600,2
36047054700,17
36047054800,2
36047054900,17
36047055000,0
36047055100,23
36047055200,0
36047055300,25
36047055400,0
36047055500,10
36047055600,0
36047055700,10
36047055800,0
36047056000,0
36047056100,4
36047056200,0
36047056301,4
36047056302,0
36047056400,0
36047056500,4
36047056600,0
36047056800,0
36047056900,10
36047057000,0
36047057100,4
36047057200,0
36047057300,4
36047057400,0
36047057500,4
36047057600,0
36047057800,0
36047057901,0
36047057902,0
36047058000,0
36047058200,1
36047058400,1
36047058600,1
36047058800,1
36047058901,4
36047058902,0
36047059000,1
36047059100,0
36047059200,1
36047059300,0
36047059402,0
36047059403,0
36047059404,0
36047059600,0
36047059800,0
36047060000,0
36047060600,1
36047060800,0
36047061002,0
36047061003,1
36047061004,0
36047061200,0
36047061600,0
36047062000,0
36047062200,0
36047062600,0
36047062800,0
36047063200,0
36047063600,0
36047063800,0
36047064000,2
36047064200,2
36047064400,2
36047064600,2
36047064800,2
36047065000,0
36047065200,0
36047065400,0
36047065600,2
36047065800,0
36047066000,0
36047066200,0
36047066600,0
36047067000,0
36047067200,0
36047067400,0
36047067600,0
36047067800,0
36047068000,0
36047068200,0
36047068600,0
36047068800,0
36047069000,0
36047069200,0
36047069601,0
36047069602,0
36047069800,0
36047070000,0
36047070201,0
36047070202,0
36047070203,0
36047070601,0
36047070602,0
36047072000,0
36047072200,0
36047072400,0
36047072600,0
36047072800,0
36047073000,0
36047073200,0
36047073400,0
36047073600,2
36047073800,2
36047074000,0
36047074200,2
36047074400,2
36047074600,2
36047074800,2
36047075000,2
36047075200,0
36047075400,2
36047075600,2
36047075800,2
36047076000,0
36047076200,0
36047076400,0
36047076600,0
36047076800,0
36047077000,0
36047077200,0
36047077400,0
36047077600,0
36047078000,0
36047078200,0
36047078400,0
36047078601,0
36047078602,0
36047078801,0
36047078802,0
36047079001,0
36047079002,0
36047079201,0
36047079202,0
36047079400,0
36047079601,0
36047079602,4
36047079801,0
36047079802,0
36047080000,4
36047080200,4
36047080400,12
36047080600,12
36047080800,12
36047081000,12
36047081400,12
36047081600,12
36047081800,12
36047082000,12
36047082200,4
36047082400,4
36047082600,0
36047082800,0
36047083000,0
36047083200,0
36047083400,0
36047083600,0
36047083800,0
36047084000,0
36047084600,0
36047084800,0
36047085000,0
36047085200,8
36047085400,0
36047085600,12
36047085800,12
36047086000,0
36047086200,0
36047086400,4
36047086600,0
36047086800,8
36047087000,12
36047087200,12
36047087401,8
36047087600,8
36047087800,8
36047088001,8
36047088002,0
36047088200,0
36047088400,0
36047088600,4
36047088800,4
36047089000,4
36047089200,0
36047089400,4
36047089600,4
36047089800,4
36047090000,10
36047090200,0
36047090600,0
36047090800,0
36047091000,0
36047091200,0
36047091600,4
36047091800,0
36047092000,4
36047092200,4
36047092400,0
36047092800,4
36047093000,4
36047093200,0
36047093400,4
36047093600,4
36047093800,4
36047094401,0
36047094402,0
36047094600,0
36047095000,0
36047095400,0
36047095600,0
36047095800,0
36047096000,0
36047096200,0
36047096400,0
36047096600,0
36047096800,0
36047097000,0
36047097400,0
36047098200,0
36047098400,0
36047098600,0
36047098800,0
36047099000,0
36047099200,0
36047099400,0
36047099600,0
36047099800,0
36047100400,0
36047100600,0
36047100800,0
36047101000,0
36047101200,0
36047101400,0
36047101600,0
36047101800,0
36047102000,0
36047102200,0
36047102400,0
36047102600,0
36047102801,0
36047102802,0
36047103401,0
36047103402,0
36047105801,0
36047105804,0
36047107001,4
36047107002,0
36047107003,4
36047107800,4
36047109800,0
36047110400,0
36047110600,4
36047111000,4
36047111600,4
36047111800,0
36047112000,0
36047112200,0
36047112400,0
36047112600,0
36047112800,0
36047113000,0
36047113200,0
36047113400,0
36047114201,0
36047114202,0
36047114400,0
36047114600,0
36047115000,0
36047115200,0
36047115600,0
36047115800,0
36047116000,0
36047116200,0
36047116400,0
36047116600,0
36047116800,0
36047117000,0
36047117201,0
36047117202,0
36047117400,0
36047117601,0
36047117602,0
36047117800,0
36047118000,0
36047118201,0
36047118202,0
36047118400,0
36047118600,0
36047118800,0
36047119000,0
36047119200,0
36047119400,0
36047119600,0
36047119800,0
36047120000,0
36047120200,0
36047120801,0
36047120802,0
36047120803,0
36047121000,0
36047121400,0
36047122000,0
36047123700,50
36047150200,2
36047152200,0
36047990100,0
36061000100,0
36061000201,14
36061000202,14
36061000500,0
36061000600,14
36061000700,7
36061000800,8
36061000900,5
36061001001,12
36061001002,12
36061001200,14
36061001300,14
36061001401,14
36061001402,14
36061001501,12
36061001502,12
36061001600,20
36061001800,14
36061002000,0
36061002100,20
36061002201,14
36061002202,12
36061002400,0
36061002500,8
36061002601,12
36061002602,0
36061002700,8
36061002800,0
36061002901,9
36061002902,8
36061003001,14
36061003002,16
36061003100,9
36061003200,14
36061003300,17
36061003400,6
36061003601,20
36061003602,20
36061003700,5
36061003800,18
36061003900,16
36061004001,6
36061004002,10
36061004100,22
36061004200,16
36061004300,24
36061004400,6
36061004500,24
36061004700,9
36061004800,12
36061004900,7
36061005000,17
36061005200,19
36061005400,8
36061005501,8
36061005502,18
36061005600,23
36061005700,7
36061005800,21
36061005900,11
36061006000,12
36061006100,11
36061006200,19
36061006300,12
36061006400,26
36061006500,8
36061006600,32
36061006700,8
36061006800,32
36061006900,4
36061007001,28
36061007002,34
36061007100,11
36061007200,30
36061007300,9
36061007400,31
36061007500,7
36061007600,22
36061007700,7
36061007800,22
36061007900,7
36061008000,30
36061008100,12
36061008200,24
36061008300,8
36061008400,24
36061008601,28
36061008602,24
36061008603,26
36061008700,10
36061008800,28
36061008900,11
36061009000,44
36061009100,15
36061009200,26
36061009300,5
36061009400,23
36061009500,14
36061009600,25
36061009700,5
36061009800,28
36061009901,5
36061009902,6
36061009903,8
36061010000,40
36061010100,19
36061010200,28
36061010300,8
36061010400,35
36061010601,31
36061010602,28
36061010801,30
36061010802,32
36061010803,30
36061010900,12
36061011000,51
36061011100,11
36061011201,33
36061011202,35
36061011203,40
36061011300,25
36061011401,26
36061011402,41
36061011500,8
36061011600,44
36061011700,8
36061011800,49
36061011900,28
36061012000,46
36061012101,26
36061012102,18
36061012200,41
36061012400,53
36061012500,35
36061012601,49
36061012602,46
36061012700,33
36061012800,62
36061012901,10
36061012902,30
36061013000,52
36061013100,39
36061013201,55
36061013202,49
36061013203,61
36061013300,40
36061013400,72
36061013501,44
36061013502,36
36061013601,38
36061013602,49
36061013603,56
36061013604,47
36061013700,41
36061013800,74
36061013900,50
36061014000,73
36061014200,59
36061014300,6
36061014401,53
36061014402,50
36061014500,45
36061014601,69
36061014602,67
36061014700,38
36061014801,62
36061014802,54
36061014900,45
36061015001,42
36061015002,35
36061015101,45
36061015102,38
36061015200,46
36061015301,23
36061015302,27
36061015401,49
36061015402,49
36061015403,45
36061015501,41
36061015502,37
36061015601,34
36061015602,24
36061015700,23
36061015801,32
36061015802,32
36061015900,39
36061016001,32
36061016002,20
36061016100,21
36061016200,2
36061016300,17
36061016400,8
36061016500,13
36061016600,13
36061016700,13
36061016800,9
36061016900,14
36061017000,8
36061017100,16
36061017200,2
36061017300,8
36061017401,2
36061017402,2
36061017500,16
36061017700,26
36061017800,0
36061017900,26
36061018000,0
36061018100,26
36061018200,0
36061018300,26
36061018400,2
36061018500,24
36061018600,2
36061018700,22
36061018800,0
36061018900,24
36061019000,0
36061019100,22
36061019200,0
36061019300,18
36061019400,0
36061019500,24
36061019600,50
36061019701,20
36061019702,0
36061019800,0
36061019900,20
36061020000,0
36061020101,4
36061020102,4
36061020300,4
36061020500,4
36061020600,50
36061020701,4
36061020800,0
36061020901,4
36061021000,0
36061021100,4
36061021200,0
36061021303,4
36061021400,0
36061021500,0
36061021600,0
36061021703,0
36061021800,0
36061021900,4
36061022000,4
36061022102,0
36061022200,4
36061022301,4
36061022302,4
36061022400,0
36061022500,0
36061022600,0
36061022700,0
36061022800,0
36061022900,0
36061023000,0
36061023100,0
36061023200,0
36061023300,0
36061023400,0
36061023501,0
36061023502,0
36061023600,0
36061023700,2
36061023802,6
36061023803,13
36061023804,13
36061023900,2
36061024000,3
36061024100,2
36061024200,50
36061024301,2
36061024302,0
36061024500,2
36061024700,2
36061024900,2
36061025100,12
36061025300,12
36061025500,12
36061025700,4
36061025900,0
36061026100,10
36061026300,12
36061026500,10
36061026700,10
36061026900,10
36061027100,10
36061027300,10
36061027500,10
36061027700,10
36061027900,10
36061028100,5
36061028300,0
36061028500,0
36061028700,0
36061029100,0
36061029300,0
36061029500,0
36061029700,0
36061029900,0
36061030300,0
36061030700,0
36061030900,8
36061031100,10
36061031703,13
36061031704,14
36061031900,5
36081000101,23
36081000102,30
36081000103,37
36081000104,18
36081000200,0
36081000400,0
36081000600,0
36081000701,35
36081000702,37
36081000800,0
36081001000,0
36081001200,0
36081001400,0
36081001600,0
36081001800,0
36081001901,28
36081001902,32
36081001903,30
36081002000,0
36081002200,0
36081002400,0
36081002500,2
36081002600,0
36081002800,0
36081003000,0
36081003100,10
36081003200,1
36081003301,34
36081003302,2
36081003400,0
36081003600,1
36081003700,8
36081003800,1
36081003900,6
36081004001,1
36081004002,1
36081004200,0
36081004300,6
36081004401,0
36081004500,2
36081004700,6
36081005000,1
36081005100,6
36081005200,1
36081005300,6
36081005400,1
36081005500,8
36081005700,10
36081005800,1
36081005900,10
36081006100,8
36081006201,0
36081006202,0
36081006300,4
36081006501,4
36081006502,4
36081006900,4
36081007100,6
36081007300,4
36081007500,4
36081007700,4
36081007900,2
36081008100,2
36081008300,2
36081008500,8
36081008600,1
36081008700,2
36081008800,0
36081009100,2
36081009400,1
36081009500,0
36081009600,0
36081009700,0
36081009800,0
36081009900,0
36081010000,0
36081010100,0
36081010200,0
36081010300,0
36081010400,0
36081010500,0
36081010600,0
36081010701,0
36081010800,0
36081011000,0
36081011100,0
36081011200,1
36081011300,0
36081011400,1
36081011500,2
36081011600,0
36081011700,2
36081011800,0
36081011900,0
36081012000,0
36081012100,0
36081012200,0
36081012301,0
36081012400,0
36081012500,2
36081012601,0
36081012602,0
36081012800,0
36081013000,0
36081013200,0
36081013400,1
36081013500,0
36081013600,1
36081013700,0
36081013800,35
36081014000,0
36081014100,2
36081014201,0
36081014202,0
36081014300,2
36081014400,0
36081014500,2
36081014700,2
36081014800,0
36081014900,10
36081015000,0
36081015100,4
36081015200,0
36081015300,11
36081015400,0
36081015500,10
36081015600,0
36081015700,8
36081015801,0
36081015802,0
36081015900,8
36081016100,9
36081016300,9
36081016400,0
36081016600,0
36081016800,0
36081016900,2
36081017000,0
36081017101,2
36081017102,6
36081017200,0
36081017400,0
36081017600,0
36081017800,0
36081017901,10
36081017902,32
36081018000,0
36081018101,4
36081018102,6
36081018200,0
36081018300,6
36081018401,0
36081018402,0
36081018501,0
36081018502,4
36081018600,0
36081018700,0
36081018800,0
36081018900,10
36081019000,0
36081019200,0
36081019400,0
36081019600,0
36081019800,3
36081019901,10
36081019902,10
36081019903,0
36081020200,0
36081020400,3
36081020500,0
36081020600,3
36081020800,3
36081021200,3
36081021400,0
36081021601,42
36081021602,0
36081021603,35
36081021900,0
36081022001,39
36081022002,6
36081022900,0
36081023000,6
36081023200,0
36081023501,0
36081023502,0
36081023600,3
36081023800,3
36081024000,3
36081024300,0
36081024500,0
36081024600,8
36081024700,2
36081024900,0
36081025100,1
36081025301,0
36081025302,0
36081025401,3
36081025402,5
36081025500,7
36081025700,9
36081025800,0
36081025900,9
36081026000,0
36081026100,9
36081026200,0
36081026300,10
36081026400,0
36081026501,4
36081026502,4
36081026600,0
36081026700,7
36081026901,4
36081026902,2
36081027000,0
36081027101,2
36081027102,2
36081027200,0
36081027301,2
36081027302,0
36081027400,0
36081027500,0
36081027600,0
36081027701,2
36081027702,0
36081027800,0
36081027900,2
36081028000,0
36081028100,7
36081028200,0
36081028300,7
36081028400,0
36081028500,7
36081028700,13
36081028801,0
36081028802,0
36081028803,0
36081028900,13
36081029100,12
36081029300,12
36081029400,0
36081029500,7
36081029700,7
36081029900,0
36081030600,0
36081030903,8
36081030904,6
36081030905,9
36081030906,12
36081031700,3
36081032000,0
36081032700,6
36081032800,0
36081032900,3
36081033000,0
36081033100,20
36081033401,0
36081033403,0
36081033404,0
36081033405,0
36081033700,6
36081033900,3
36081034700,23
36081035100,0
36081035200,2
36081035300,0
36081035700,20
36081035800,2
36081036100,0
36081036300,0
36081036500,6
36081036600,0
36081036700,20
36081036800,0
36081037100,26
36081037300,6
36081037501,0
36081037502,0
36081037600,0
36081037700,0
36081037900,0
36081038100,2
36081038301,0
36081038302,0
36081038400,0
36081039400,0
36081039800,0
36081039901,0
36081039902,0
36081040000,0
36081040101,0
36081040102,0
36081040200,0
36081040301,0
36081040302,0
36081040400,0
36081040501,0
36081040502,0
36081040701,0
36081040702,0
36081040901,0
36081040902,0
36081041100,0
36081041300,0
36081041400,0
36081041500,0
36081042400,0
36081042600,0
36081042700,0
36081043200,0
36081043400,0
36081043701,2
36081043702,2
36081043900,0
36081044000,5
36081044301,2
36081044302,4
36081044400,5
36081044601,8
36081044602,8
36081044800,2
36081045000,6
36081045200,2
36081045400,5
36081045500,6
36081045600,0
36081045700,4
36081045800,5
36081045900,4
36081046000,5
36081046100,4
36081046200,5
36081046300,2
36081046400,0
36081046500,0
36081046600,0
36081046700,2
36081046800,1
36081046901,2
36081046902,2
36081047000,0
36081047100,6
36081047200,2
36081047300,4
36081047500,4
36081047600,2
36081047801,2
36081047802,2
36081047900,0
36081048000,2
36081048100,4
36081048200,2
36081048301,4
36081048302,4
36081048400,0
36081048500,2
36081048900,0
36081049201,0
36081049202,0
36081049301,2
36081049302,2
36081049500,2
36081049600,0
36081049700,2
36081049900,0
36081050000,2
36081050201,0
36081050202,0
36081050400,0
36081050500,4
36081050600,0
36081050700,0
36081050800,0
36081051000,0
36081051100,2
36081051200,0
36081051300,2
36081051500,2
36081051600,0
36081051700,2
36081051800,0
36081052000,0
36081052100,2
36081052200,0
36081052400,0
36081052500,0
36081052600,0
36081052800,0
36081053000,0
36081053100,0
36081053200,0
36081053401,0
36081053501,0
36081053502,0
36081053601,0
36081053800,0
36081053901,0
36081053902,0
36081054000,0
36081054200,0
36081054500,0
36081054700,6
36081054800,0
36081054900,6
36081055100,6
36081055200,0
36081055300,6
36081055400,0
36081055500,6
36081055600,0
36081055700,6
36081055800,0
36081055900,6
36081056000,0
36081056100,0
36081056200,0
36081056400,0
36081056500,6
36081056600,0
36081056700,0
36081056800,0
36081057700,0
36081057900,0
36081058000,0
36081058100,0
36081058200,0
36081058300,6
36081058500,0
36081058700,0
36081058900,0
36081059000,0
36081059100,0
36081059200,0
36081059300,0
36081059400,0
36081059501,0
36081059502,0
36081059600,0
36081059800,0
36081059900,0
36081060000,0
36081060100,0
36081060300,3
36081060600,0
36081060701,2
36081060800,0
36081061000,0
36081061200,0
36081061301,0
36081061302,3
36081061400,0
36081061601,0
36081061602,0
36081061800,2
36081061900,0
36081062000,2
36081062100,0
36081062200,0
36081062300,0
36081062400,0
36081062500,0
36081062600,2
36081062700,0
36081062900,0
36081063000,2
36081063200,2
36081063301,0
36081063302,0
36081063500,0
36081063700,0
36081063800,0
36081063900,0
36081064101,0
36081064102,0
36081064500,0
36081064600,2
36081065000,2
36081065401,0
36081065402,0
36081065501,0
36081065600,0
36081065702,3
36081065703,0
36081065900,0
36081066000,0
36081066100,0
36081066301,0
36081066302,0
36081066401,0
36081066402,0
36081066403,0
36081066404,0
36081066501,0
36081066701,2
36081066900,2
36081067100,0
36081067700,0
36081067900,0
36081068000,0
36081068200,0
36081068300,6
36081068700,6
36081069000,0
36081069300,6
36081069400,0
36081069500,0
36081069701,2
36081069702,0
36081070300,0
36081070700,0
36081070900,0
36081071100,0
36081071303,0
36081071304,2
36081071305,0
36081071306,2
36081071600,0
36081071701,2
36081071702,6
36081071900,2
36081072100,2
36081072300,0
36081072900,0
36081073100,0
36081073700,1
36081073900,1
36081074100,0
36081074300,2
36081074500,2
36081074700,2
36081074900,2
36081075701,42
36081075702,1
36081076901,8
36081076902,42
36081077300,42
36081077500,7
36081077902,0
36081077903,38
36081077904,6
36081077905,6
36081077906,8
36081077907,4
36081077908,12
36081078800,0
36081079000,0
36081079200,0
36081079300,0
36081079701,7
36081079702,11
36081079900,1
36081080301,0
36081080302,0
36081080900,8
36081081400,0
36081081800,0
36081083700,8
36081083800,0
36081084000,0
36081084500,7
36081084601,0
36081084602,0
36081084901,11
36081084902,11
36081085300,11
36081085500,7
36081085700,7
36081085900,7
36081086100,7
36081086300,6
36081086400,1
36081086500,6
36081086900,6
36081087100,10
36081088400,0
36081088902,0
36081088903,0
36081089201,0
36081089202,0
36081090700,0
36081091602,0
36081091603,0
36081091604,0
36081091800,0
36081091900,0
36081092200,0
36081092500,0
36081092800,0
36081092900,0
36081093401,8
36081093402,10
36081093800,18
36081093900,0
36081094201,10
36081094202,2
36081094203,2
36081094500,0
36081094700,0
36081095400,2
36081096400,2
36081097202,0
36081097204,0
36081097205,0
36081097206,0
36081097207,0
36081097300,0
36081098100,0
36081098700,0
36081099100,0
36081099200,1
36081099701,0
36081099703,0
36081099704,0
36081099705,0
36081099801,1
36081099802,1
36081099900,0
36081100801,0
36081100803,0
36081100804,0
36081101002,0
36081101003,0
36081101004,0
36081101700,0
36081102900,0
36081103201,0
36081103202,0
36081103300,0
36081103900,0
36081104700,0
36081105900,0
36081107201,0
36081107202,0
36081108500,0
36081109300,0
36081109700,0
36081109900,0
36081111300,0
36081112300,0
36081112900,1
36081113300,1
36081113900,0
36081114100,0
36081114700,0
36081115100,0
36081115500,0
36081115700,0
36081115900,0
36081116100,6
36081116301,0
36081116302,6
36081116700,0
36081117100,0
36081117500,0
36081118100,1
36081118500,0
36081118700,0
36081118900,1
36081119100,0
36081119300,0
36081119500,0
36081119900,0
36081120100,1
36081120300,0
36081120500,1
36081120701,0
36081120702,0
36081121100,0
36081121500,8
36081122300,0
36081122702,8
36081122703,8
36081122704,0
36081124100,0
36081124700,0
36081125700,6
36081126500,6
36081126700,2
36081127700,0
36081128300,0
36081129102,0
36081129103,0
36081129104,0
36081130100,0
36081133300,0
36081133900,0
36081134100,0
36081134701,0
36081134702,0
36081136700,0
36081137700,0
36081138501,0
36081138502,0
36081139900,1
36081140300,0
36081140901,0
36081140902,0
36081141700,0
36081142900,0
36081143500,2
36081144100,1
36081144700,2
36081145101,1
36081145102,1
36081145900,0
36081146300,1
36081146700,1
36081147100,1
36081147900,0
36081148300,0
36081150701,0
36081150702,0
36081152901,0
36081152902,2
36081155101,0
36081155103,0
36081155104,0
36081156700,0
36081157101,0
36081157102,0
36081157901,0
36081157902,0
36081157903,0
36081161700,0
36081162100,0
36081990100,0
36085000300,8
36085000600,0
36085000700,8
36085000800,0
36085000900,3
36085001100,3
36085001700,3
36085001800,0
36085002001,0
36085002002,0
36085002100,0
36085002700,0
36085002900,0
36085003300,0
36085003600,0
36085003900,0
36085004001,0
36085004002,0
36085004003,0
36085004004,0
36085004700,0
36085005000,1
36085005901,0
36085005902,0
36085006400,1
36085006700,0
36085007001,13
36085007002,0
36085007400,0
36085007500,0
36085007700,0
36085008100,0
36085009601,1
36085009602,12
36085009701,0
36085009702,0
36085010500,0
36085011201,13
36085011203,0
36085011204,2
36085011401,5
36085011402,1
36085012100,0
36085012200,2
36085012500,0
36085012804,2
36085012805,0
36085012806,2
36085013201,0
36085013203,0
36085013204,0
36085013301,0
36085013302,0
36085013400,2
36085013800,0
36085014100,0
36085014604,0
36085014605,0
36085014606,0
36085014607,0
36085014608,0
36085014700,0
36085015100,0
36085015400,0
36085015601,0
36085015602,0
36085015603,0
36085016901,0
36085017005,0
36085017007,0
36085017009,0
36085017011,0
36085017012,0
36085017013,0
36085017014,0
36085017015,0
36085017016,0
36085017300,0
36085017600,0
36085017701,0
36085017702,0
36085018100,0
36085018701,0
36085018703,0
36085018704,0
36085018901,0
36085018902,0
36085019700,0
36085019800,4
36085020100,0
36085020701,0
36085020702,0
36085020803,0
36085020804,0
36085020805,0
36085020806,0
36085021300,0
36085022300,0
36085022601,0
36085022602,0
36085022801,0
36085022802,0
36085023100,0
36085023900,0
36085024401,0
36085024402,0
36085024700,0
36085024800,0
36085025100,0
36085027301,0
36085027302,0
36085027702,6
36085027704,0
36085027705,0
36085027706,0
36085027900,0
36085029102,1
36085029104,0
36085029105,0
36085029106,0
36085030301,0
36085030302,0
36085031901,0
36085031902,0
36085032300,0
36085990100,0
