GEOID,Drive15_EVSE
36005000100,140
36005000200,15
36005000400,106
36005001600,178
36005001901,441
36005001902,463
36005001903,398
36005001904,9
36005002001,156
36005002002,184
36005002300,380
36005002400,94
36005002500,405
36005002701,381
36005002702,360
36005002800,229
36005003100,336
36005003300,347
36005003500,234
36005003700,98
36005003800,188
36005003900,325
36005004001,233
36005004100,252
36005004200,305
36005004300,332
36005004400,189
36005004600,371
36005004800,219
36005005001,150
36005005002,245
36005005100,310
36005005200,184
36005005300,110
36005005400,176
36005005600,171
36005005902,170
36005006000,217
36005006100,106
36005006200,203
36005006301,201
36005006302,300
36005006400,312
36005006500,221
36005006700,111
36005006800,187
36005006900,97
36005007000,200
36005007100,99
36005007200,255
36005007300,127
36005007400,98
36005007500,103
36005007600,186
36005007700,73
36005007800,253
36005007900,200
36005008300,218
36005008400,121
36005008500,122
36005008600,106
36005008700,172
36005008900,207
36005009000,142
36005009200,160
36005009301,189
36005009302,69
36005009600,227
36005009800,182
36005011000,135
36005011502,197
36005011701,164
36005011702,12
36005011800,127
36005011900,201
36005012101,127
36005012102,195
36005012300,105
36005012500,72
36005012701,103
36005012901,88
36005013000,198
36005013100,74
36005013200,164
36005013300,105
36005013500,70
36005013800,192
36005014100,124
36005014300,104
36005014400,188
36005014500,113
36005014701,102
36005014702,124
36005014900,48
36005015100,102
36005015200,295
36005015300,101
36005015500,152
36005015700,116
36005015800,213
36005015900,139
36005016000,176
36005016100,194
36005016200,181
36005016300,26
36005016400,233
36005016500,158
36005016600,251
36005016700,134
36005016900,130
36005017100,24
36005017300,111
36005017500,98
36005017701,104
36005017702,100
36005017901,112
36005017902,106
36005018101,94
36005018102,94
36005018301,138
36005018302,166
36005018400,139
36005018501,96
36005018502,92
36005018900,211
36005019300,157
36005019400,204
36005019500,149
36005019700,136
36005019900,134
36005020000,150
36005020100,146
36005020200,152
36005020400,142
36005020501,173
36005020502,131
36005020601,152
36005020900,172
36005021001,122
36005021002,31
36005021100,175
36005021200,122
36005021301,137
36005021302,114
36005021501,112
36005021502,144
36005021601,152
36005021602,156
36005021700,115
36005021800,166
36005021900,137
36005022000,334
36005022101,112
36005022102,129
36005022200,160
36005022300,115
36005022401,102
36005022403,124
36005022404,126
36005022500,106
36005022701,154
36005022702,132
36005022703,128
36005022800,108
36005022901,106
36005022902,119
36005023000,113
36005023100,117
36005023200,108
36005023301,106
36005023302,102
36005023501,101
36005023502,106
36005023600,130
36005023702,53
36005023703,113
36005023704,51
36005023800,110
36005023900,110
36005024000,129
36005024100,113
36005024300,110
36005024400,47
36005024501,124
36005024502,117
36005024600,106
36005024700,139
36005024800,49
36005024900,99
36005025000,108
36005025100,111
36005025200,49
36005025300,111
36005025400,51
36005025500,111
36005025600,68
36005025700,173
36005026100,113
36005026300,125
36005026400,146
36005026500,113
36005026601,207
36005026602,150
36005026701,111
36005026702,111
36005026900,136
36005027300,128
36005027401,120
36005027402,36
36005027600,31
36005027700,136
36005027900,126
36005028100,126
36005028300,114
36005028400,101
36005028500,138
36005028600,132
36005028700,114
36005028800,110
36005028900,132
36005029301,151
36005029302,156
36005029500,165
36005029600,206
36005029700,172
36005030000,142
36005030100,140
36005030201,133
36005030202,89
36005030701,166
36005030900,108
36005031000,164
36005031200,134
36005031400,131
36005031600,111
36005031800,110
36005031900,47
36005032300,62
36005032400,108
36005032600,114
36005032800,126
36005033000,116
36005033201,134
36005033202,126
36005033400,135
36005033500,156
36005033601,116
36005033602,112
36005033700,170
36005033801,112
36005033802,59
36005034000,62
36005034200,59
36005034300,155
36005034400,51
36005034500,165
36005034800,52
36005035000,58
36005035100,131
36005035600,130
36005035800,38
36005035900,132
36005036000,82
36005036100,112
36005036300,116
36005036400,50
36005036501,110
36005036502,97
36005036700,99
36005036800,114
36005036901,147
36005036902,127
36005037000,62
36005037100,116
36005037200,59
36005037300,59
36005037400,114
36005037504,101
36005037600,114
36005037800,116
36005037900,113
36005038000,114
36005038100,108
36005038200,59
36005038301,112
36005038303,113
36005038304,113
36005038500,58
36005038600,48
36005038700,118
36005038800,59
36005038900,116
36005039000,59
36005039100,121
36005039200,112
36005039300,116
36005039400,117
36005039500,125
36005039600,59
36005039700,112
36005039800,59
36005039901,44
36005039902,46
36005040100,106
36005040302,59
36005040303,54
36005040304,53
36005040400,59
36005040501,49
36005040502,123
36005040600,61
36005040701,67
36005040702,75
36005040800,59
36005040900,123
36005041100,55
36005041300,126
36005041400,114
36005041500,122
36005041800,67
36005041900,69
36005042000,124
36005042100,75
36005042200,71
36005042300,126
36005042400,61
36005042500,124
36005042600,55
36005042800,59
36005042901,122
36005042902,126
36005043000,66
36005043101,130
36005043102,128
36005043400,71
36005043501,124
36005043502,69
36005043503,24
36005043600,59
36005044200,59
36005044400,59
36005044800,55
36005044901,126
36005044902,126
36005045101,126
36005045102,126
36005045600,43
36005045800,55
36005046000,36
36005046203,31
36005046204,31
36005046205,101
36005046206,30
36005046207,23
36005046208,136
36005046209,104
36005048401,36
36005048402,55
36005050400,4
36005051601,30
36005051602,0
36047000100,205
36047000200,68
36047000301,149
36047000501,146
36047000502,223
36047000700,160
36047000900,197
36047001100,246
36047001300,338
36047001501,369
36047001502,190
36047001801,91
36047001802,73
36047001803,79
36047001804,79
36047002000,88
36047002100,348
36047002200,89
36047002300,368
36047002901,186
36047003000,103
36047003101,271
36047003102,178
36047003300,224
36047003400,82
36047003500,206
36047003600,88
36047003700,223
36047003800,109
36047003900,217
36047004100,211
36047004300,188
36047004400,81
36047004500,125
36047004600,76
36047004700,220
36047004900,148
36047005000,81
36047005100,181
36047005201,76
36047005202,76
36047005301,122
36047005302,136
36047005303,138
36047005400,100
36047005601,118
36047005602,128
36047005800,116
36047005900,139
36047006000,116
36047006200,123
36047006300,170
36047006400,103
36047006500,192
36047006600,89
36047006700,155
36047006800,114
36047006901,169
36047006902,141
36047007000,166
36047007100,94
36047007200,151
36047007400,72
36047007500,145
36047007600,56
36047007700,131
36047007800,54
36047008000,58
36047008200,58
36047008400,67
36047008500,112
36047008600,61
36047008800,61
36047009001,59
36047009002,59
36047009201,59
36047009202,53
36047009401,53
36047009402,53
36047009600,52
36047009800,57
36047010000,74
36047010100,91
36047010200,111
36047010401,51
36047010402,53
36047010601,48
36047010602,54
36047010801,50
36047010802,51
36047011000,62
36047011200,53
36047011400,47
36047011600,53
36047011700,126
36047011800,110
36047011901,136
36047011902,149
36047012000,57
36047012100,129
36047012200,118
36047012600,121
36047012700,111
36047012801,69
36047012901,103
36047012902,153
36047013000,62
36047013100,83
36047013200,93
36047013300,119
36047013400,102
36047013500,111
36047013600,96
36047013700,121
36047013800,118
36047013900,119
36047014000,125
36047014101,118
36047014102,114
36047014200,122
36047014300,101
36047014500,94
36047014700,89
36047014800,91
36047014901,108
36047014902,108
36047015000,76
36047015100,108
36047015200,123
36047015300,97
36047015400,87
36047015500,143
36047015700,103
36047015900,152
36047016000,135
36047016100,110
36047016200,118
36047016300,160
36047016400,84
36047016500,114
36047016600,123
36047016700,108
36047016800,86
36047016900,77
36047017000,118
36047017100,81
36047017200,90
36047017400,87
36047017500,53
36047017600,86
36047017700,25
36047017800,68
36047017900,187
36047018000,69
36047018100,186
36047018200,70
36047018300,167
36047018400,79
36047018501,163
36047018600,73
36047018700,227
36047018800,73
36047019000,44
36047019100,244
36047019200,50
36047019300,171
36047019400,54
36047019500,201
36047019600,71
36047019700,181
36047019800,81
36047019900,182
36047020000,101
36047020100,170
36047020200,117
36047020300,160
36047020400,119
36047020500,156
36047020600,113
36047020700,108
36047020800,66
36047021000,55
36047021100,188
36047021200,53
36047021300,82
36047021400,54
36047021500,92
36047021600,45
36047021700,88
36047021800,47
36047021900,98
36047022000,49
36047022100,106
36047022200,48
36047022400,49
36047022600,47
36047022700,187
36047022800,44
36047022900,191
36047023000,43
36047023100,197
36047023200,33
36047023300,206
36047023400,39
36047023500,198
36047023600,39
36047023800,41
36047024000,47
36047024100,188
36047024200,47
36047024300,192
36047024400,48
36047024500,179
36047024600,72
36047024700,165
36047024800,43
36047024900,171
36047025000,47
36047025100,195
36047025200,68
36047025300,183
36047025400,43
36047025500,194
36047025600,68
36047025700,195
36047025800,68
36047025901,179
36047025902,161
36047026000,44
36047026100,175
36047026200,47
36047026300,175
36047026400,66
36047026500,171
36047026600,66
36047026700,187
36047026800,66
36047026900,181
36047027000,41
36047027100,148
36047027200,36
36047027300,155
36047027400,64
36047027500,161
36047027600,64
36047027700,177
36047027800,66
36047027900,175
36047028000,70
36047028100,175
36047028200,79
36047028300,163
36047028400,66
36047028501,156
36047028502,171
36047028600,83
36047028700,155
36047028800,67
36047028900,159
36047029000,41
36047029100,159
36047029200,91
36047029300,161
36047029400,91
36047029500,140
36047029600,39
36047029700,140
36047029800,37
36047029900,90
36047030000,37
36047030100,109
36047030200,67
36047030300,109
36047030400,68
36047030500,104
36047030600,65
36047030700,74
36047030800,65
36047030900,100
36047031100,94
36047031300,92
36047031401,63
36047031402,65
36047031500,104
36047031701,92
36047031702,92
36047031900,86
36047032100,86
36047032300,86
36047032500,92
36047032600,66
36047032700,86
36047032800,63
36047032900,82
36047033000,35
36047033100,84
36047033300,86
36047033500,86
36047033600,33
36047033701,86
36047033702,82
36047033900,96
36047034000,28
36047034100,86
36047034200,28
36047034300,96
36047034500,82
36047034700,82
36047034800,67
36047034901,84
36047034902,80
36047035000,33
36047035101,94
36047035102,82
36047035200,33
36047035301,94
36047035302,94
36047035400,35
36047035500,69
36047035601,35
36047035602,35
36047035701,82
36047035702,61
36047035900,70
36047036001,35
36047036002,35
36047036100,110
36047036200,35
36047036300,62
36047036400,65
36047036501,119
36047036502,107
36047036600,57
36047036700,123
36047036900,104
36047037000,83
36047037100,116
36047037300,109
36047037401,66
36047037402,69
36047037500,121
36047037700,122
36047037900,171
36047038100,86
36047038200,67
36047038300,140
36047038500,147
36047038600,60
36047038700,146
36047038800,68
36047038900,148
36047039000,68
36047039100,130
36047039200,68
36047039300,124
36047039400,60
36047039500,131
36047039600,60
36047039700,140
36047039800,36
36047039900,140
36047040000,36
36047040100,146
36047040200,36
36047040300,175
36047040400,66
36047040500,124
36047040600,36
36047040700,112
36047040800,38
36047040900,139
36047041000,36
36047041100,147
36047041200,38
36047041300,108
36047041401,36
36047041402,36
36047041500,139
36047041600,26
36047041700,140
36047041800,26
36047041900,118
36047042000,26
36047042100,74
36047042200,37
36047042300,124
36047042400,38
36047042500,111
36047042600,38
36047042700,141
36047042800,38
36047042900,113
36047043000,38
36047043100,85
36047043200,68
36047043300,103
36047043400,60
36047043500,98
36047043600,58
36047043700,139
36047043800,36
36047043900,139
36047044000,38
36047044100,85
36047044200,30
36047044300,102
36047044400,32
36047044500,100
36047044600,64
36047044700,117
36047044800,30
36047044901,344
36047044902,220
36047045000,68
36047045200,34
36047045300,127
36047045400,10
36047045600,14
36047045800,43
36047046000,37
36047046201,34
36047046202,64
36047046400,31
36047046800,43
36047047000,35
36047047200,31
36047047400,31
36047047600,33
36047047700,296
36047047800,38
36047048000,33
36047048100,226
36047048200,11
36047048400,48
36047048500,113
36047048600,64
36047048800,64
36047048900,115
36047049000,52
36047049100,159
36047049200,50
36047049301,153
36047049302,137
36047049400,64
36047049500,211
36047049600,57
36047049700,312
36047049800,57
36047049900,361
36047050001,69
36047050002,67
36047050100,277
36047050202,87
36047050300,264
36047050401,77
36047050402,79
36047050500,134
36047050600,77
36047050700,159
36047050801,108
36047050803,102
36047050804,115
36047050900,206
36047051001,71
36047051002,26
36047051100,199
36047051200,31
36047051300,122
36047051400,62
36047051500,289
36047051601,21
36047051602,33
36047051700,238
36047051800,21
36047051900,248
36047052000,34
36047052300,209
36047052500,213
36047052600,54
36047052700,188
36047052800,9
36047052900,181
36047053000,9
36047053101,276
36047053102,182
36047053200,8
36047053300,201
36047053400,8
36047053500,265
36047053700,331
36047053800,4
36047053900,395
36047054200,4
36047054300,153
36047054400,4
36047054500,257
36047054600,26
36047054700,211
36047054800,26
36047054900,240
36047055000,30
36047055100,161
36047055200,26
36047055300,222
36047055400,26
36047055500,136
36047055600,26
36047055700,201
36047055800,26
36047056000,32
36047056100,221
36047056200,31
36047056301,201
36047056302,187
36047056400,25
36047056500,257
36047056600,25
36047056800,31
36047056900,198
36047057000,37
36047057100,372
36047057200,35
36047057300,312
36047057400,25
36047057500,343
36047057600,25
36047057800,36
36047057901,277
36047057902,266
36047058000,36
36047058200,36
36047058400,68
36047058600,58
36047058800,68
36047058901,307
36047058902,222
36047059000,68
36047059100,333
36047059200,37
36047059300,424
36047059402,35
36047059403,35
36047059404,37
36047059600,35
36047059800,76
36047060000,68
36047060600,68
36047060800,67
36047061002,33
36047061003,67
36047061004,35
36047061200,57
36047061600,33
36047062000,33
36047062200,71
36047062600,37
36047062800,35
36047063200,35
36047063600,25
36047063800,30
36047064000,26
36047064200,4
36047064400,25
36047064600,25
36047064800,3
36047065000,4
36047065200,25
36047065400,19
36047065600,25
36047065800,25
36047066000,33
36047066200,37
36047066600,25
36047067000,47
36047067200,25
36047067400,11
36047067600,19
36047067800,19
36047068000,31
36047068200,25
36047068600,3
36047068800,25
36047069000,29
36047069200,3
36047069601,7
36047069602,7
36047069800,29
36047070000,3
36047070201,1
36047070202,9
36047070203,32
36047070601,3
36047070602,3
36047072000,23
36047072200,18
36047072400,38
36047072600,19
36047072800,19
36047073000,19
36047073200,19
36047073400,19
36047073600,19
36047073800,12
36047074000,15
36047074200,4
36047074400,3
36047074600,4
36047074800,4
36047075000,5
36047075200,6
36047075400,4
36047075600,4
36047075800,4
36047076000,6
36047076200,6
36047076400,15
36047076600,21
36047076800,4
36047077000,19
36047077200,13
36047077400,15
36047077600,19
36047078000,19
36047078200,19
36047078400,19
36047078601,21
36047078602,21
36047078801,21
36047078802,19
36047079001,21
36047079002,23
36047079201,25
36047079202,37
36047079400,31
36047079601,104
36047079602,81
36047079801,88
36047079802,71
36047080000,69
36047080200,98
36047080400,75
36047080600,84
36047080800,51
36047081000,65
36047081400,53
36047081600,54
36047081800,48
36047082000,67
36047082200,96
36047082400,49
36047082600,23
36047082800,23
36047083000,21
36047083200,19
36047083400,19
36047083600,39
36047083800,39
36047084000,41
36047084600,38
36047084800,40
36047085000,40
36047085200,38
36047085400,41
36047085600,41
36047085800,44
36047086000,42
36047086200,42
36047086400,40
36047086600,42
36047086800,40
36047087000,42
36047087200,44
36047087401,63
36047087600,47
36047087800,47
36047088001,47
36047088002,49
36047088200,47
36047088400,40
36047088600,36
36047088800,44
36047089000,42
36047089200,51
36047089400,40
36047089600,44
36047089800,38
36047090000,47
36047090200,53
36047090600,61
36047090800,86
36047091000,29
36047091200,40
36047091600,42
36047091800,42
36047092000,42
36047092200,44
36047092400,47
36047092800,42
36047093000,44
36047093200,38
36047093400,40
36047093600,38
36047093800,40
36047094401,18
36047094402,14
36047094600,38
36047095000,22
36047095400,22
36047095600,18
36047095800,22
36047096000,42
36047096200,22
36047096400,21
36047096600,17
36047096800,23
36047097000,23
36047097400,8
36047098200,8
36047098400,11
36047098600,11
36047098800,27
36047099000,28
36047099200,20
36047099400,9
36047099600,11
36047099800,11
36047100400,11
36047100600,11
36047100800,42
36047101000,36
36047101200,34
36047101400,34
36047101600,11
36047101800,28
36047102000,34
36047102200,36
36047102400,12
36047102600,34
36047102801,36
36047102802,1
36047103401,32
36047103402,4
36047105801,8
36047105804,8
36047107001,8
36047107002,0
36047107003,14
36047107800,14
36047109800,40
36047110400,9
36047110600,31
36047111000,9
36047111600,10
36047111800,29
36047112000,9
36047112200,29
36047112400,38
36047112600,78
36047112800,29
36047113000,37
36047113200,51
36047113400,31
36047114201,130
36047114202,111
36047114400,111
36047114600,104
36047115000,45
36047115200,81
36047115600,80
36047115800,79
36047116000,73
36047116200,30
36047116400,29
36047116600,74
36047116800,77
36047117000,81
36047117201,103
36047117202,99
36047117400,43
36047117601,99
36047117602,55
36047117800,75
36047118000,77
36047118201,97
36047118202,19
36047118400,55
36047118600,73
36047118800,42
36047119000,41
36047119200,42
36047119400,30
36047119600,51
36047119800,111
36047120000,7
36047120200,54
36047120801,11
36047120802,5
36047120803,41
36047121000,9
36047121400,11
36047122000,11
36047123700,266
36047150200,74
36047152200,42
36047990100,6
36061000100,0
36061000201,397
36061000202,163
36061000500,0
36061000600,275
36061000700,197
36061000800,206
36061000900,134
36061001001,179
36061001002,167
36061001200,181
36061001300,175
36061001401,342
36061001402,386
36061001501,404
36061001502,197
36061001600,155
36061001800,194
36061002000,167
36061002100,172
36061002201,370
36061002202,375
36061002400,382
36061002500,125
36061002601,345
36061002602,360
36061002700,413
36061002800,211
36061002901,202
36061002902,272
36061003001,203
36061003002,257
36061003100,171
36061003200,232
36061003300,116
36061003400,342
36061003601,154
36061003602,165
36061003700,63
36061003800,220
36061003900,112
36061004001,211
36061004002,248
36061004100,110
36061004200,224
36061004300,136
36061004400,213
36061004500,123
36061004700,120
36061004800,231
36061004900,120
36061005000,269
36061005200,90
36061005400,84
36061005501,116
36061005502,142
36061005600,269
36061005700,148
36061005800,125
36061005900,127
36061006000,313
36061006100,129
36061006200,399
36061006300,95
36061006400,394
36061006500,74
36061006600,401
36061006700,59
36061006800,377
36061006900,94
36061007001,411
36061007002,402
36061007100,94
36061007200,418
36061007300,69
36061007400,403
36061007500,75
36061007600,238
36061007700,79
36061007800,513
36061007900,93
36061008000,441
36061008100,85
36061008200,392
36061008300,101
36061008400,269
36061008601,450
36061008602,402
36061008603,366
36061008700,122
36061008800,379
36061008900,125
36061009000,441
36061009100,171
36061009200,414
36061009300,130
36061009400,403
36061009500,190
36061009600,358
36061009700,99
36061009800,343
36061009901,143
36061009902,135
36061009903,154
36061010000,400
36061010100,142
36061010200,385
36061010300,119
36061010400,289
36061010601,352
36061010602,327
36061010801,411
36061010802,408
36061010803,416
36061010900,259
36061011000,384
36061011100,161
36061011201,380
36061011202,386
36061011203,367
36061011300,269
36061011401,388
36061011402,364
36061011500,127
36061011600,351
36061011700,145
36061011800,391
36061011900,0
36061012000,406
36061012101,143
36061012102,157
36061012200,378
36061012400,394
36061012500,220
36061012601,387
36061012602,340
36061012700,191
36061012800,390
36061012901,144
36061012902,189
36061013000,325
36061013100,253
36061013201,348
36061013202,303
36061013203,342
36061013300,210
36061013400,345
36061013501,195
36061013502,286
36061013601,344
36061013602,352
36061013603,361
36061013604,370
36061013700,334
36061013800,374
36061013900,268
36061014000,373
36061014200,289
36061014300,161
36061014401,364
36061014402,444
36061014500,193
36061014601,368
36061014602,376
36061014700,174
36061014801,313
36061014802,327
36061014900,217
36061015001,297
36061015002,281
36061015101,163
36061015102,185
36061015200,405
36061015301,231
36061015302,216
36061015401,376
36061015402,473
36061015403,387
36061015501,173
36061015502,260
36061015601,351
36061015602,443
36061015700,211
36061015801,383
36061015802,355
36061015900,272
36061016001,290
36061016002,311
36061016100,245
36061016200,306
36061016300,191
36061016400,433
36061016500,230
36061016600,361
36061016700,302
36061016800,353
36061016900,238
36061017000,413
36061017100,206
36061017200,405
36061017300,244
36061017401,333
36061017402,275
36061017500,256
36061017700,222
36061017800,439
36061017900,263
36061018000,448
36061018100,271
36061018200,347
36061018300,322
36061018400,388
36061018500,288
36061018600,291
36061018700,247
36061018800,385
36061018900,254
36061019000,278
36061019100,128
36061019200,344
36061019300,219
36061019400,440
36061019500,94
36061019600,395
36061019701,136
36061019702,207
36061019800,421
36061019900,82
36061020000,317
36061020101,143
36061020102,240
36061020300,120
36061020500,82
36061020600,458
36061020701,152
36061020800,331
36061020901,185
36061021000,342
36061021100,177
36061021200,311
36061021303,171
36061021400,366
36061021500,258
36061021600,242
36061021703,144
36061021800,283
36061021900,163
36061022000,275
36061022102,273
36061022200,165
36061022301,163
36061022302,152
36061022400,291
36061022500,143
36061022600,275
36061022700,202
36061022800,315
36061022900,206
36061023000,363
36061023100,266
36061023200,360
36061023300,160
36061023400,282
36061023501,314
36061023502,345
36061023600,143
36061023700,292
36061023802,19
36061023803,100
36061023804,62
36061023900,297
36061024000,190
36061024100,301
36061024200,414
36061024301,272
36061024302,283
36061024500,194
36061024700,125
36061024900,289
36061025100,206
36061025300,252
36061025500,128
36061025700,185
36061025900,303
36061026100,324
36061026300,318
36061026500,260
36061026700,93
36061026900,275
36061027100,225
36061027300,165
36061027500,113
36061027700,108
36061027900,97
36061028100,141
36061028300,171
36061028500,186
36061028700,190
36061029100,200
36061029300,201
36061029500,166
36061029700,39
36061029900,285
36061030300,102
36061030700,107
36061030900,117
36061031100,354
36061031703,71
36061031704,264
36061031900,170
36081000101,276
36081000102,172
36081000103,302
36081000104,275
36081000200,102
36081000400,62
36081000600,55
36081000701,326
36081000702,255
36081000800,55
36081001000,49
36081001200,111
36081001400,73
36081001600,47
36081001800,52
36081001901,209
36081001902,234
36081001903,233
36081002000,70
36081002200,104
36081002400,112
36081002500,220
36081002600,111
36081002800,74
36081003000,67
36081003100,275
36081003200,63
36081003301,187
36081003302,204
36081003400,47
36081003600,46
36081003700,151
36081003800,56
36081003900,156
36081004001,60
36081004002,49
36081004200,48
36081004300,261
36081004401,42
36081004500,192
36081004700,253
36081005000,5
36081005100,205
36081005200,46
36081005300,215
36081005400,42
36081005500,210
36081005700,286
36081005800,8
36081005900,262
36081006100,255
36081006201,62
36081006202,50
36081006300,241
36081006501,365
36081006502,377
36081006900,345
36081007100,238
36081007300,289
36081007500,204
36081007700,216
36081007900,214
36081008100,182
36081008300,218
36081008500,214
36081008600,48
36081008700,138
36081008800,8
36081009100,223
36081009400,49
36081009500,319
36081009600,47
36081009700,219
36081009800,66
36081009900,114
36081010000,56
36081010100,174
36081010200,59
36081010300,168
36081010400,59
36081010500,146
36081010600,58
36081010701,148
36081010800,79
36081011000,60
36081011100,181
36081011200,47
36081011300,259
36081011400,66
36081011500,371
36081011600,56
36081011700,392
36081011800,93
36081011900,294
36081012000,120
36081012100,340
36081012200,101
36081012301,295
36081012400,105
36081012500,422
36081012601,71
36081012602,57
36081012800,113
36081013000,114
36081013200,116
36081013400,132
36081013500,304
36081013600,135
36081013700,364
36081013800,131
36081014000,131
36081014100,358
36081014201,133
36081014202,133
36081014300,333
36081014400,100
36081014500,280
36081014700,211
36081014800,126
36081014900,247
36081015000,128
36081015100,198
36081015200,116
36081015300,266
36081015400,98
36081015500,219
36081015600,89
36081015700,253
36081015801,128
36081015802,91
36081015900,203
36081016100,196
36081016300,203
36081016400,89
36081016600,102
36081016800,85
36081016900,174
36081017000,126
36081017101,175
36081017102,194
36081017200,119
36081017400,117
36081017600,114
36081017800,109
36081017901,287
36081017902,324
36081018000,114
36081018101,166
36081018102,173
36081018200,97
36081018300,188
36081018401,106
36081018402,69
36081018501,414
36081018502,312
36081018600,117
36081018700,394
36081018800,113
36081018900,304
36081019000,81
36081019200,122
36081019400,133
36081019600,89
36081019800,100
36081019901,353
36081019902,358
36081019903,397
36081020200,118
36081020400,120
36081020500,245
36081020600,141
36081020800,124
36081021200,131
36081021400,137
36081021601,134
36081021602,110
36081021603,113
36081021900,238
36081022001,134
36081022002,122
36081022900,168
36081023000,127
36081023200,95
36081023501,226
36081023502,244
36081023600,132
36081023800,112
36081024000,90
36081024300,328
36081024500,265
36081024600,58
36081024700,342
36081024900,225
36081025100,238
36081025301,243
36081025302,177
36081025401,85
36081025402,78
36081025500,221
36081025700,263
36081025800,59
36081025900,297
36081026000,105
36081026100,216
36081026200,85
36081026300,250
36081026400,64
36081026501,243
36081026502,204
36081026600,59
36081026700,159
36081026901,96
36081026902,223
36081027000,105
36081027101,114
36081027102,48
36081027200,85
36081027301,46
36081027302,100
36081027400,68
36081027500,137
36081027600,76
36081027701,72
36081027702,118
36081027800,57
36081027900,107
36081028000,50
36081028100,178
36081028200,44
36081028300,182
36081028400,10
36081028500,188
36081028700,198
36081028801,59
36081028802,52
36081028803,55
36081028900,299
36081029100,329
36081029300,293
36081029400,61
36081029500,302
36081029700,316
36081029900,291
36081030600,49
36081030903,305
36081030904,335
36081030905,282
36081030906,299
36081031700,366
36081032000,50
36081032700,193
36081032800,10
36081032900,317
36081033000,49
36081033100,284
36081033401,7
36081033403,6
36081033404,2
36081033405,10
36081033700,248
36081033900,227
36081034700,319
36081035100,237
36081035200,7
36081035300,259
36081035700,242
36081035800,2
36081036100,301
36081036300,220
36081036500,193
36081036600,9
36081036700,242
36081036800,9
36081037100,232
36081037300,195
36081037501,104
36081037502,152
36081037600,9
36081037700,176
36081037900,118
36081038100,194
36081038301,309
36081038302,117
36081038400,12
36081039400,9
36081039800,12
36081039901,194
36081039902,246
36081040000,17
36081040101,119
36081040102,193
36081040200,15
36081040301,134
36081040302,126
36081040400,20
36081040501,151
36081040502,108
36081040701,102
36081040702,108
36081040901,105
36081040902,85
36081041100,103
36081041300,109
36081041400,52
36081041500,125
36081042400,12
36081042600,7
36081042700,177
36081043200,46
36081043400,46
36081043701,267
36081043702,202
36081043900,173
36081044000,55
36081044301,199
36081044302,168
36081044400,70
36081044601,57
36081044602,103
36081044800,97
36081045000,105
36081045200,98
36081045400,98
36081045500,192
36081045600,112
36081045700,198
36081045800,109
36081045900,160
36081046000,89
36081046100,147
36081046200,89
36081046300,108
36081046400,89
36081046500,98
36081046600,89
36081046700,69
36081046800,70
36081046901,109
36081046902,49
36081047000,62
36081047100,175
36081047200,91
36081047300,172
36081047500,204
36081047600,89
36081047801,81
36081047802,74
36081047900,250
36081048000,70
36081048100,206
36081048200,72
36081048301,267
36081048302,315
36081048400,64
36081048500,265
36081048900,260
36081049201,91
36081049202,79
36081049301,278
36081049302,239
36081049500,222
36081049600,72
36081049700,260
36081049900,156
36081050000,22
36081050201,56
36081050202,22
36081050400,19
36081050500,208
36081050600,22
36081050700,140
36081050800,22
36081051000,56
36081051100,337
36081051200,19
36081051300,274
36081051500,339
36081051600,18
36081051700,305
36081051800,10
36081052000,15
36081052100,237
36081052200,15
36081052400,18
36081052500,201
36081052600,13
36081052800,12
36081053000,10
36081053100,237
36081053200,18
36081053401,15
36081053501,182
36081053502,161
36081053601,19
36081053800,15
36081053901,108
36081053902,106
36081054000,19
36081054200,84
36081054500,85
36081054700,85
36081054800,93
36081054900,83
36081055100,27
36081055200,93
36081055300,69
36081055400,18
36081055500,91
36081055600,84
36081055700,33
36081055800,69
36081055900,99
36081056000,22
36081056100,51
36081056200,18
36081056400,25
36081056500,118
36081056600,22
36081056700,80
36081056800,8
36081057700,56
36081057900,59
36081058000,13
36081058100,24
36081058200,13
36081058300,32
36081058500,27
36081058700,42
36081058900,35
36081059000,13
36081059100,107
36081059200,8
36081059300,93
36081059400,13
36081059501,170
36081059502,265
36081059600,13
36081059800,13
36081059900,257
36081060000,8
36081060100,181
36081060300,186
36081060600,13
36081060701,225
36081060800,13
36081061000,12
36081061200,8
36081061301,53
36081061302,71
36081061400,8
36081061601,5
36081061602,8
36081061800,6
36081061900,58
36081062000,5
36081062100,76
36081062200,8
36081062300,106
36081062400,2
36081062500,64
36081062600,2
36081062700,55
36081062900,80
36081063000,4
36081063200,13
36081063301,109
36081063302,141
36081063500,143
36081063700,91
36081063800,6
36081063900,159
36081064101,66
36081064102,52
36081064500,132
36081064600,7
36081065000,7
36081065401,7
36081065402,2
36081065501,104
36081065600,7
36081065702,128
36081065703,143
36081065900,121
36081066000,2
36081066100,105
36081066301,183
36081066302,81
36081066401,2
36081066402,2
36081066403,2
36081066404,2
36081066501,247
36081066701,227
36081066900,184
36081067100,208
36081067700,240
36081067900,243
36081068000,3
36081068200,7
36081068300,198
36081068700,230
36081069000,7
36081069300,204
36081069400,2
36081069500,202
36081069701,177
36081069702,231
36081070300,153
36081070700,146
36081070900,110
36081071100,148
36081071303,130
36081071304,140
36081071305,108
36081071306,161
36081071600,6
36081071701,169
36081071702,232
36081071900,258
36081072100,131
36081072300,114
36081072900,119
36081073100,115
36081073700,111
36081073900,182
36081074100,117
36081074300,133
36081074500,275
36081074700,173
36081074900,128
36081075701,128
36081075702,124
36081076901,123
36081076902,118
36081077300,153
36081077500,134
36081077902,231
36081077903,105
36081077904,146
36081077905,131
36081077906,106
36081077907,117
36081077908,108
36081078800,51
36081079000,85
36081079200,52
36081079300,130
36081079701,112
36081079702,203
36081079900,283
36081080301,271
36081080302,275
36081080900,117
36081081400,58
36081081800,62
36081083700,210
36081083800,49
36081084000,49
36081084500,97
36081084601,49
36081084602,55
36081084901,165
36081084902,132
36081085300,105
36081085500,118
36081085700,33
36081085900,91
36081086100,96
36081086300,104
36081086400,7
36081086500,128
36081086900,211
36081087100,126
36081088400,7
36081088902,211
36081088903,142
36081089201,15
36081089202,15
36081090700,220
36081091602,11
36081091603,8
36081091604,0
36081091800,19
36081091900,129
36081092200,21
36081092500,102
36081092800,21
36081092900,32
36081093401,21
36081093402,20
36081093800,20
36081093900,97
36081094201,20
36081094202,20
36081094203,20
36081094500,0
36081094700,111
36081095400,20
36081096400,21
36081097202,21
36081097204,21
36081097205,11
36081097206,11
36081097207,3
36081097300,141
36081098100,133
36081098700,128
36081099100,154
36081099200,12
36081099701,128
36081099703,118
36081099704,121
36081099705,113
36081099801,10
36081099802,3
36081099900,132
36081100801,2
36081100803,2
36081100804,2
36081101002,3
36081101003,0
36081101004,2
36081101700,131
36081102900,153
36081103201,3
36081103202,1
36081103300,120
36081103900,163
36081104700,127
36081105900,97
36081107201,20
36081107202,12
36081108500,118
36081109300,64
36081109700,111
36081109900,42
36081111300,30
36081112300,64
36081112900,51
36081113300,86
36081113900,58
36081114100,58
36081114700,58
36081115100,106
36081115500,109
36081115700,118
36081115900,123
36081116100,139
36081116301,113
36081116302,108
36081116700,102
36081117100,102
36081117500,98
36081118100,42
36081118500,88
36081118700,36
36081118900,56
36081119100,33
36081119300,37
36081119500,55
36081119900,97
36081120100,47
36081120300,86
36081120500,95
36081120701,86
36081120702,27
36081121100,19
36081121500,118
36081122300,95
36081122702,121
36081122703,95
36081122704,108
36081124100,131
36081124700,92
36081125700,129
36081126500,125
36081126700,92
36081127700,89
36081128300,68
36081129102,77
36081129103,69
36081129104,63
36081130100,77
36081133300,87
36081133900,93
36081134100,113
36081134701,20
36081134702,78
36081136700,41
36081137700,8
36081138501,41
36081138502,69
36081139900,39
36081140300,95
36081140901,112
36081140902,113
36081141700,93
36081142900,83
36081143500,78
36081144100,62
36081144700,64
36081145101,40
36081145102,38
36081145900,86
36081146300,84
36081146700,64
36081147100,66
36081147900,21
36081148300,19
36081150701,41
36081150702,39
36081152901,41
36081152902,33
36081155101,6
36081155103,25
36081155104,19
36081156700,25
36081157101,83
36081157102,31
36081157901,21
36081157902,30
36081157903,17
36081161700,39
36081162100,14
36081990100,8
36085000300,9
36085000600,79
36085000700,8
36085000800,87
36085000900,9
36085001100,9
36085001700,37
36085001800,117
36085002001,87
36085002002,107
36085002100,21
36085002700,28
36085002900,26
36085003300,18
36085003600,63
36085003900,47
36085004001,79
36085004002,74
36085004003,72
36085004004,77
36085004700,74
36085005000,82
36085005901,8
36085005902,3
36085006400,73
36085006700,9
36085007001,64
36085007002,80
36085007400,70
36085007500,9
36085007700,8
36085008100,8
36085009601,61
36085009602,24
36085009701,18
36085009702,3
36085010500,37
36085011201,28
36085011203,28
36085011204,18
36085011401,28
36085011402,18
36085012100,61
36085012200,28
36085012500,47
36085012804,18
36085012805,18
36085012806,18
36085013201,17
36085013203,13
36085013204,17
36085013301,36
36085013302,37
36085013400,18
36085013800,28
36085014100,37
36085014604,12
36085014605,12
36085014606,3
36085014607,40
36085014608,30
36085014700,72
36085015100,46
36085015400,27
36085015601,12
36085015602,12
36085015603,11
36085016901,89
36085017005,38
36085017007,39
36085017009,39
36085017011,38
36085017012,28
36085017013,39
36085017014,39
36085017015,39
36085017016,28
36085017300,81
36085017600,38
36085017701,84
36085017702,61
36085018100,16
36085018701,64
36085018703,81
36085018704,69
36085018901,66
36085018902,79
36085019700,66
36085019800,12
36085020100,35
36085020701,36
36085020702,37
36085020803,39
36085020804,39
36085020805,39
36085020806,0
36085021300,39
36085022300,53
36085022601,39
36085022602,39
36085022801,40
36085022802,0
36085023100,46
36085023900,48
36085024401,11
36085024402,5
36085024700,40
36085024800,29
36085025100,46
36085027301,50
36085027302,66
36085027702,38
36085027704,41
36085027705,39
36085027706,39
36085027900,25
36085029102,40
36085029104,50
36085029105,50
36085029106,50
36085030301,46
36085030302,29
36085031901,39
36085031902,29
36085032300,29
36085990100,2
