GEOID,low_income_ptg
36005000200,0.2731006160164271
36005000400,0.18267540354802622
36005001600,0.5056198624391881
36005001901,0.5587695133149678
36005001902,0.5672546857772878
36005002001,0.6552342524097736
36005002002,0.4352815585801975
36005002300,0.7559089905014358
36005002500,0.6587584730645737
36005002701,0.7434250764525994
36005002702,0.6978766430738119
36005002800,0.06970922395532447
36005003100,0.4587729581867917
36005003300,0.7359566581123468
36005003500,0.6452936650423186
36005003700,0.3770491803278688
36005003800,0.37564322469982847
36005003900,0.6086816201387768
36005004001,0.19659332860184528
36005004100,0.5917682926829269
36005004200,0.37009414353832987
36005004300,0.5036535376938157
36005004400,0.7006571493315205
36005004600,0.6779661016949152
36005004800,0.5069395436367914
36005005001,0.6886373723923658
36005005002,0.6537069101212026
36005005100,0.8511491593398118
36005005200,0.506991196271362
36005005300,0.8649053775529324
36005005400,0.6069991251093614
36005005600,0.5413241021202942
36005005902,0.5017018379850239
36005006000,0.4945482866043614
36005006100,0.28690445196563397
36005006200,0.6894000321698568
36005006301,0.5103507271171942
36005006400,0.6380194971780401
36005006500,0.7621776504297995
36005006700,0.726132507009001
36005006800,0.7360609707180105
36005006900,0.6213824107895476
36005007000,0.4940414507772021
36005007100,0.4098073555166375
36005007200,0.4929371651242085
36005007300,0.7536723163841808
36005007400,0.3775062656641604
36005007500,0.5478260869565217
36005007600,0.49458554833628665
36005007700,0.4817214252660805
36005007800,0.4779874213836478
36005007900,0.6652458084683148
36005008300,0.46008243016333383
36005008400,0.2892209178228389
36005008500,0.6455138374757624
36005008600,0.7370325693606755
36005008700,0.6883295194508009
36005008900,0.5
36005009000,0.6586111111111111
36005009200,0.48514851485148514
36005009301,0.43709677419354837
36005009600,0.4096337579617834
36005009800,0.2602063705697622
36005011502,0.7671166827386693
36005011701,0.5791915175612988
36005011800,0.17221223021582735
36005011900,0.5296997389033943
36005012101,0.49881656804733726
36005012102,0.5240963855421686
36005012300,0.47894201424211597
36005012500,0.49347717009533365
36005012701,0.6402640264026402
36005012901,0.5627722022344253
36005013000,0.37400950871632327
36005013100,0.5725839900456242
36005013200,0.21851289833080426
36005013300,0.5326900682082848
36005013500,0.6592
36005013800,0.20276187268440551
36005014100,0.5282489835973644
36005014300,0.6236686390532544
36005014400,0.5336148100032478
36005014500,0.7598260309278351
36005014701,0.7042454513021762
36005014702,0.6882645259938838
36005014900,0.6836670179135933
36005015100,0.721363456202933
36005015200,0.33501161890007747
36005015300,0.503539175006102
36005015500,0.6415222562011553
36005015700,0.5861943687556767
36005015800,0.3545516769336071
36005015900,0.5225835591689251
36005016000,0.14578529336407892
36005016100,0.6939866369710468
36005016200,0.1958762886597938
36005016400,0.39067055393586003
36005016500,0.5229276895943563
36005016600,0.21699291961682632
36005016700,0.5441520467836257
36005016900,0.5770901194353963
36005017300,0.5690866510538641
36005017500,0.7065199540154377
36005017701,0.5825287356321839
36005017702,0.6943430656934306
36005017901,0.40835949764521196
36005017902,0.6543501048218029
36005018101,0.6427904079725942
36005018102,0.5541937954806587
36005018301,0.30246516613076097
36005018302,0.4375
36005018400,0.22105263157894736
36005018501,0.3934602946460654
36005018502,0.7559685947764782
36005018900,0.5646118444955796
36005019300,0.5690207315017698
36005019400,0.3507246376811594
36005019500,0.6056858564321251
36005019700,0.7432043910088866
36005019900,0.49966411393255405
36005020000,0.5825557809330629
36005020100,0.5906614785992218
36005020200,0.49646781789638933
36005020400,0.5341325341325341
36005020501,0.732911566497043
36005020502,0.4265329733898959
36005020601,0.48606687898089174
36005020900,0.5355303810504635
36005021001,0.4644033443121358
36005021002,0.3646687697160883
36005021100,0.5698750202889141
36005021200,0.3649115673917463
36005021301,0.6976568405139834
36005021302,0.7452497057339835
36005021501,0.5822925958965209
36005021502,0.703378276018785
36005021601,0.5059941189776068
36005021602,0.43727302740178275
36005021700,0.6357343311506081
36005021800,0.47435897435897434
36005021900,0.4002169197396963
36005022000,0.58167716917111
36005022101,0.5679378853619548
36005022102,0.7515871723913398
36005022200,0.535012285012285
36005022300,0.5292998477929984
36005022401,0.35989325200152494
36005022403,0.19446297531687792
36005022404,0.3854014598540146
36005022500,0.5312781278127813
36005022701,0.6173984745413317
36005022702,0.7204968944099379
36005022703,0.49560975609756097
36005022800,0.2320393465659582
36005022901,0.5016507703595011
36005022902,0.4635894495412844
36005023000,0.3768481788676524
36005023100,0.6085825747724317
36005023200,0.4701429772918419
36005023301,0.5061697926949654
36005023302,0.6532301121195943
36005023501,0.49848208864602306
36005023502,0.4107744107744108
36005023600,0.335873388042204
36005023702,0.4204152249134948
36005023703,0.7387683965917893
36005023704,0.6509333333333334
36005023800,0.2852233676975945
36005023900,0.5812397147558969
36005024000,0.306312292358804
36005024100,0.5410672853828307
36005024300,0.5870381347559771
36005024400,0.3280212483399734
36005024501,0.5155161494616846
36005024502,0.5122082103568554
36005024600,0.32007854688267057
36005024700,0.37325038880248834
36005024800,0.23825616762419735
36005025000,0.2149348083761359
36005025100,0.5234766752773135
36005025200,0.23505323505323505
36005025300,0.46872393661384487
36005025400,0.22977022977022976
36005025500,0.6001378359751895
36005025600,0.47911051212938005
36005025700,0.2910144927536232
36005026100,0.2330749354005168
36005026300,0.4189837008628955
36005026400,0.3164239075841286
36005026500,0.591433043973246
36005026601,0.4981311586816174
36005026602,0.5040773753081738
36005026701,0.47191629955947134
36005026702,0.47049769112365314
36005026900,0.42780337941628266
36005027300,0.46875867814495975
36005027401,0.18982427462198612
36005027402,0.17382039573820396
36005027600,0.9298245614035088
36005027700,0.515032999266683
36005027900,0.4363711001642036
36005028100,0.19425778863775198
36005028300,0.6823609689525759
36005028400,1.0
36005028500,0.24005563282336578
36005028600,0.1968421052631579
36005028700,0.3448483027936317
36005028800,0.22629310344827586
36005028900,0.5237791932059448
36005029301,0.09380530973451327
36005029302,0.1702127659574468
36005029500,0.1937513560425255
36005029600,0.2804814233385662
36005029700,0.07579717720857292
36005030000,0.2254160363086233
36005030100,0.15203252032520326
36005030201,0.2393526405451448
36005030202,0.41703621581670364
36005030701,0.05692803437164339
36005030900,0.10241657077100115
36005031000,0.0649315803595385
36005031200,0.13391304347826086
36005031400,0.08228460793804453
36005031600,0.1966439433665443
36005031800,0.26437429537767754
36005031900,1.0
36005032300,0.12594235033259424
36005032400,0.5435779816513762
36005032600,0.2590852130325815
36005032800,0.5708218835873096
36005033000,0.4854461891995404
36005033201,0.5053613979348689
36005033202,0.35285053929121724
36005033400,1.0
36005033500,0.2482929857231533
36005033601,0.5671039354187689
36005033602,0.3561859732072498
36005033700,0.09913793103448276
36005033801,0.3183023872679045
36005033802,0.4007696536558549
36005034000,0.48717948717948717
36005034200,0.2661782661782662
36005034300,0.20515970515970516
36005034400,0.39384770549672216
36005034500,0.2620578778135048
36005034800,0.5348234531908002
36005035000,0.1767797419971333
36005035100,0.14205298013245032
36005035600,0.27377124483233806
36005035800,0.24327135613054218
36005035900,0.7711406980928391
36005036000,0.11346089291708628
36005036100,0.661723163841808
36005036300,0.5782948109597429
36005036400,0.3459220570510245
36005036501,0.5240705433746425
36005036502,0.6389539422326308
36005036700,0.5312363477501092
36005036800,0.28226174190606473
36005036901,0.7024221453287197
36005036902,0.7344726969570654
36005037000,0.254941508672852
36005037100,0.607905720599067
36005037200,0.26094648385670055
36005037300,0.6494780132869346
36005037400,0.580110497237569
36005037504,0.6631637168141593
36005037600,0.33678500986193294
36005037800,0.35578947368421054
36005037900,0.7013646461440812
36005038000,0.5477958236658933
36005038100,0.6327787239617451
36005038200,0.25384615384615383
36005038301,0.5427937020589423
36005038303,0.566200215285253
36005038304,0.7530402245088869
36005038500,0.738166231830041
36005038600,0.44005830195554474
36005038700,0.6172972972972973
36005038800,0.38928210313447925
36005038900,0.5596415904424118
36005039000,0.3989163562478835
36005039100,0.6210834145662164
36005039200,0.26507394766780434
36005039300,0.6320776519528541
36005039400,0.4155251141552511
36005039500,0.6344676180021954
36005039600,0.4866666666666667
36005039700,0.6366742596810934
36005039800,0.40428911834789516
36005039901,0.5665346534653465
36005039902,0.475577026301664
36005040100,0.7057688183572807
36005040302,0.6009437833401723
36005040303,0.6478676299230949
36005040304,0.653475935828877
36005040400,0.27492447129909364
36005040501,0.6188575704664505
36005040502,0.5941632466940264
36005040600,0.45346960731576114
36005040701,0.46088379705400984
36005040702,0.5935722411831627
36005040800,0.5039901780233272
36005040900,0.4315028901734104
36005041100,0.5257264729405492
36005041300,0.36806148590947907
36005041400,0.283713150742212
36005041500,0.6108030763727419
36005041800,0.3255154639175258
36005041900,0.45979381443298967
36005042000,0.6716349461132768
36005042100,0.5483010140544388
36005042200,0.22972027972027972
36005042300,0.43786470715366327
36005042400,0.2829726418946509
36005042500,0.4047246829946152
36005042600,0.20074239049740164
36005042800,0.2776659959758551
36005042901,0.5748522652659225
36005042902,0.40283759817582976
36005043000,0.3131370328425821
36005043101,0.5556552962298025
36005043102,0.5089285714285714
36005043400,0.39584389254941715
36005043501,0.7340720221606648
36005043503,0.1875
36005043600,0.39767318878900054
36005044200,0.507371631926792
36005044400,0.2956773618538324
36005044800,0.19294517637059075
36005044901,0.1162534435261708
36005044902,0.2301922175339897
36005045101,0.13876221498371336
36005045102,0.1144548593981253
36005045600,0.21034678794769757
36005045800,0.6713076199435559
36005046000,0.5001984914648671
36005046203,0.510569105691057
36005046204,0.17099165894346618
36005046205,0.27609178386380456
36005046206,0.2628236443575965
36005046207,0.28526457802428423
36005046208,0.2863096478433007
36005046209,0.5467176802255336
36005048401,0.23408190224570674
36005051601,0.13979496738117428
36047000100,0.06678809957498483
36047000200,0.288034188034188
36047000301,0.059788092835519675
36047000501,0.14677767499229108
36047000502,0.1337767923133777
36047000700,0.0887760038703435
36047000900,0.06141732283464567
36047001100,0.137997432605905
36047001300,0.12948960302457466
36047001501,0.28401898734177217
36047001502,0.23197432993582484
36047001803,1.0
36047002000,0.5513428120063191
36047002100,0.0759514988211519
36047002200,0.502967006883456
36047002300,0.7655763239875389
36047002901,0.7821529020710816
36047003000,0.11852704257767549
36047003101,0.08761220825852782
36047003300,0.2673749446657813
36047003400,0.10725462304409673
36047003500,0.19257221458046767
36047003600,0.18400211193241817
36047003700,0.17098703888334996
36047003800,0.15191545574636725
36047003900,0.18271898533491876
36047004100,0.16666666666666666
36047004300,0.15704874835309618
36047004400,0.1123843102688409
36047004500,0.12496375761090171
36047004600,0.15980629539951574
36047004700,0.1484607745779543
36047004900,0.13365346138455383
36047005000,0.0942299709422997
36047005100,0.08628714643752237
36047005201,0.38035714285714284
36047005202,0.15296108291032148
36047005301,0.09769624573378839
36047005302,0.043010752688172046
36047005400,0.2510822510822511
36047005601,0.3302273574357063
36047005602,0.11676300578034682
36047005800,0.15710560625814862
36047005900,0.20365950676213207
36047006000,0.32398658945443465
36047006200,0.4025830258302583
36047006300,0.11178957256928135
36047006400,0.27417452830188677
36047006500,0.05330304089479203
36047006600,0.3724857213806804
36047006700,0.062375745526838965
36047006800,0.3483709273182957
36047006901,0.1601123595505618
36047006902,0.08452792881858626
36047007000,0.2046242774566474
36047007100,0.5639032815198618
36047007200,0.4865771812080537
36047007400,0.4528842708706557
36047007500,0.1011842925410347
36047007600,0.53779963122311
36047007700,0.08778152154637348
36047007800,0.48645778013807756
36047008000,0.2832667047401485
36047008200,0.5727248465439018
36047008400,0.41859185918591857
36047008500,0.7310233247943912
36047008800,0.4011299435028249
36047009001,0.5532994923857868
36047009002,0.6704953338119167
36047009201,0.37183936539414975
36047009202,0.719484882418813
36047009401,0.6771799628942486
36047009402,0.4681404421326398
36047009600,0.43690773067331673
36047009800,0.5765108663292646
36047010000,0.4691136974037601
36047010100,0.29639953542392566
36047010200,0.654754930677602
36047010401,0.7241045498547919
36047010402,0.6984352773826458
36047010601,0.7266094420600858
36047010602,0.628051486906347
36047010801,0.5420365535248042
36047010802,0.6034341782502044
36047011000,0.3276365152146728
36047011200,0.4750373196218278
36047011400,0.5441888619854721
36047011600,0.6526128266033254
36047011700,0.15324498810737344
36047011800,0.5957918050941307
36047011901,0.1834862385321101
36047012000,0.5872093023255814
36047012100,0.17050691244239632
36047012200,0.5396488520162068
36047012600,0.5041291291291291
36047012700,0.24841605068637804
36047012801,0.4673076923076923
36047012901,0.06233166602539438
36047012902,0.20137750081994096
36047013000,0.4737162573574183
36047013100,0.1669463087248322
36047013200,0.32323232323232326
36047013300,0.07158737216540685
36047013400,0.31
36047013500,0.04140526976160602
36047013600,0.19217171717171716
36047013700,0.11041292639138241
36047013800,0.2239213544511196
36047013900,0.10409252669039146
36047014000,0.2819672131147541
36047014101,0.1784197111299915
36047014102,0.07257617728531857
36047014200,0.23083524027459953
36047014300,0.16748387096774195
36047014500,0.14426379665674377
36047014700,0.12479201331114809
36047014800,0.26329113924050634
36047014901,0.12408759124087591
36047014902,0.10746897682041677
36047015000,0.2829297105729474
36047015100,0.0563618771165941
36047015200,0.25340817963111467
36047015300,0.16856134849078794
36047015500,0.08721560130010834
36047015700,0.01921537229783827
36047015900,0.08993494068120934
36047016000,0.22593960460569193
36047016100,0.05534454693434617
36047016200,0.264
36047016300,0.1018981018981019
36047016400,0.11193111931119311
36047016500,0.08039647577092511
36047016600,0.13934426229508196
36047016700,0.11090027408812987
36047016800,0.17106503298774742
36047016900,0.14325119529238692
36047017000,0.1962973846605936
36047017100,0.15782057303898545
36047017200,0.16725863739102356
36047017400,0.19624945486262538
36047017600,0.200164744645799
36047017800,0.33829138062547676
36047017900,0.3869952805453592
36047018000,0.436741214057508
36047018100,0.12282446544007956
36047018200,0.3502400960384154
36047018300,0.08488840102451518
36047018400,0.23011363636363635
36047018501,0.5315767461313258
36047018600,0.3366430260047281
36047018700,0.3055555555555556
36047018800,0.3958841995116847
36047019000,0.41569137407889034
36047019100,0.13485551195148054
36047019200,0.5921807747489239
36047019300,0.3209224117223156
36047019400,0.5138314785373609
36047019500,0.16029663434112948
36047019600,0.4529823816599448
36047019700,0.07123212321232124
36047019800,0.2622549019607843
36047019900,0.2110707296617277
36047020000,0.3217692974848222
36047020100,0.1914090158130753
36047020200,0.23059360730593606
36047020300,0.18473505104521148
36047020400,0.253528773072747
36047020500,0.11476793248945148
36047020600,0.3742994395516413
36047020700,0.07781674704077159
36047020800,0.32125834127740704
36047021000,0.5530809205642168
36047021100,0.2457757296466974
36047021200,0.602123356926188
36047021300,0.34301075268817205
36047021400,0.49900833002776673
36047021500,0.18939142001995343
36047021600,0.7619286790557509
36047021700,0.3019271948608137
36047021800,0.5459637561779243
36047021900,0.2636602242901456
36047022000,0.7012121212121212
36047022100,0.422360248447205
36047022200,0.6467538879289064
36047022400,0.5770862800565771
36047022600,0.3556095585257189
36047022700,0.2139908256880734
36047022800,0.5626628075253256
36047022900,0.2044801838024124
36047023000,0.6497761018147538
36047023100,0.1856442778898818
36047023200,0.5859168094718804
36047023300,0.41511098044980155
36047023400,0.6521406727828746
36047023500,0.6060196797221686
36047023600,0.7425102491327656
36047023800,0.6220954795099282
36047024000,0.6693993642295466
36047024100,0.4580600621332413
36047024200,0.5109739368998628
36047024300,0.2618105655108215
36047024400,0.5407986111111112
36047024500,0.1749108734402852
36047024600,0.33047083209949657
36047024700,0.4274537695590327
36047024800,0.40863251311012505
36047024900,0.25440871369294604
36047025000,0.5650644783118406
36047025100,0.3580163043478261
36047025200,0.48744314811152856
36047025300,0.44100332736114667
36047025400,0.42639109697933225
36047025500,0.6733382298934998
36047025600,0.4179700499168053
36047025700,0.33229598893499307
36047025800,0.5469774217042972
36047025901,0.4724813432835821
36047025902,0.7499287140005703
36047026000,0.466818477553676
36047026100,0.5611131320480175
36047026200,0.337852693294247
36047026300,0.27757847533632285
36047026400,0.3758604864616797
36047026500,0.27826918479560125
36047026600,0.5407202216066482
36047026700,0.19276846003049444
36047026800,0.4126848082279837
36047026900,0.20439414114513982
36047027000,0.49503311258278143
36047027100,0.2790318194180038
36047027200,0.4467336683417085
36047027300,0.2868334596916856
36047027400,0.3845248602530156
36047027500,0.30079212160137014
36047027600,0.5302049622437972
36047027700,0.41787842669845054
36047027800,0.3674775928297055
36047027900,0.37317862924986506
36047028000,0.28063457330415753
36047028100,0.6128780487804878
36047028200,0.268111254851229
36047028300,0.5486025228790502
36047028400,0.47115384615384615
36047028501,0.4125560538116592
36047028502,0.5502752825268038
36047028600,0.5620856477333811
36047028700,0.5441550190597204
36047028800,0.37777053455019555
36047028900,0.5016339869281046
36047029000,0.37530940594059403
36047029100,0.27032293986636974
36047029200,0.5034965034965035
36047029300,0.3896976483762598
36047029400,0.39255419415645615
36047029500,0.25202477370176274
36047029600,0.5594164891001475
36047029700,0.2672358591248666
36047029800,0.5811618455653838
36047029900,0.4034497265460665
36047030000,0.5281344851739435
36047030100,0.35118858954041204
36047030200,0.3067620927936821
36047030300,0.5403905447070915
36047030400,0.3774271844660194
36047030500,0.1698191933240612
36047030600,0.34179181771103057
36047030700,0.4893107849393746
36047030800,0.4036745406824147
36047030900,0.3561178247734139
36047031100,0.28991150442477875
36047031300,0.23891129032258066
36047031401,0.3042728492048285
36047031500,0.2521182451515722
36047031701,0.23519087318999563
36047031702,0.21846153846153846
36047031900,0.2585826771653543
36047032100,0.28170377541142305
36047032300,0.31111793611793614
36047032500,0.3178623958163099
36047032600,0.6165338645418327
36047032700,0.3461109043542985
36047032800,0.49348422496570643
36047032900,0.3247140726006962
36047033000,0.7008797653958945
36047033100,0.5434160305343512
36047033300,0.49333610995418575
36047033500,0.44286210489753386
36047033600,0.47860074262263047
36047033701,0.31242695753798205
36047033702,0.6002467612584824
36047033900,0.37427265170407314
36047034000,0.792191435768262
36047034100,0.36472727272727273
36047034200,0.6675683799218515
36047034300,0.6411341515023276
36047034500,0.33244274809160307
36047034700,0.5763888888888888
36047034800,0.5620232838217584
36047034901,0.437875751503006
36047034902,0.34971170719478567
36047035000,0.3192771084337349
36047035101,0.7559681697612732
36047035102,0.5797420572507078
36047035200,0.7085514834205934
36047035301,0.7437062937062937
36047035302,0.3422330097087379
36047035400,0.338659887416016
36047035500,0.4442901770218674
36047035601,0.46055045871559636
36047035602,0.292861695347355
36047035701,0.5301960784313725
36047035900,0.4117743254292723
36047036001,0.5176962676962676
36047036002,0.5556070435588508
36047036100,0.7403590425531915
36047036200,0.49543200208822763
36047036300,0.5208333333333334
36047036400,0.45216606498194944
36047036501,0.36848072562358275
36047036502,0.6167446697867914
36047036600,0.5227909345556404
36047036700,0.44107050952135873
36047036900,0.47777581016468923
36047037000,0.3102342786683107
36047037100,0.21398176291793314
36047037300,0.41059479553903344
36047037401,0.3993915688830943
36047037402,0.3254077421890352
36047037500,0.2971952535059331
36047037700,0.25581861958266455
36047037900,0.504327633523327
36047038100,0.42186647262142984
36047038200,0.7238605898123325
36047038300,0.24099828538769288
36047038500,0.23505637098489682
36047038600,0.38840858149215496
36047038700,0.416126242974492
36047038800,0.35354547732397895
36047038900,0.3717018469656992
36047039000,0.254885993485342
36047039100,0.24606009665896197
36047039200,0.3566099671739779
36047039300,0.37875178656503095
36047039400,0.4401015228426396
36047039500,0.4091403699673558
36047039600,0.3530571992110454
36047039700,0.35978659553184394
36047039800,0.34549071618037136
36047039900,0.3773841961852861
36047040000,0.5214888718342287
36047040100,0.4742562929061785
36047040200,0.33123612139156183
36047040300,0.3485364193328795
36047040400,0.2862552063612268
36047040500,0.34300791556728233
36047040600,0.35850012667849
36047040800,0.3456885456885457
36047040900,0.5142576204523107
36047041000,0.38949557982319294
36047041100,0.3617094017094017
36047041200,0.3164251207729469
36047041300,0.3174126637554585
36047041401,0.46472019464720193
36047041402,0.5467217346411978
36047041500,0.2896453322462291
36047041600,0.32873665480427045
36047041700,0.48205882352941176
36047041800,0.4872499019223225
36047041900,0.4698996655518395
36047042000,0.5542505592841164
36047042100,0.33114679936665914
36047042200,0.45021645021645024
36047042300,0.2979358368565034
36047042400,0.43396704689480353
36047042500,0.4911465892597968
36047042600,0.39867795909935966
36047042700,0.3450342465753425
36047042800,0.2594195519348269
36047042900,0.4919558053886412
36047043000,0.6399594320486816
36047043100,0.3955719557195572
36047043200,0.3588505747126437
36047043300,0.5143270622286541
36047043400,0.4814625415494758
36047043500,0.4000400641025641
36047043600,0.32258722709651094
36047043700,0.35752585216392185
36047043800,0.3940074906367041
36047043900,0.3315634218289086
36047044000,0.3544827586206897
36047044100,0.5834116983261237
36047044200,0.3530097087378641
36047044300,0.2979865771812081
36047044400,0.3989071038251366
36047044500,0.43252595155709345
36047044600,0.30559835644581407
36047044700,0.47447795823665895
36047044800,0.32144816236972024
36047044901,0.6290693850707004
36047045000,0.34647550776583036
36047045200,0.3736066163250629
36047045300,0.6502683363148479
36047045400,0.2869287991498406
36047045600,0.3271409152695967
36047045800,0.22393822393822393
36047046000,0.2855844942459116
36047046201,0.5126633986928104
36047046202,0.3448275862068966
36047046400,0.5462215700660308
36047046800,0.7172509225092251
36047047000,0.6048084147257701
36047047200,0.5617224880382775
36047047400,0.5856840620592384
36047047600,0.36431014823261115
36047047700,0.17891781521184277
36047047800,0.642080378250591
36047048000,0.6747384155455904
36047048100,0.3715972449983601
36047048200,0.5138319672131147
36047048400,0.3652859237536657
36047048500,0.3336116910229645
36047048600,0.6107990012484394
36047048800,0.28985176738882557
36047048900,0.6372294372294373
36047049000,0.40544114868694503
36047049100,0.523388848660391
36047049200,0.3199869791666667
36047049301,0.6373580143037442
36047049302,0.494241461477363
36047049400,0.20837740638883012
36047049500,0.3411854103343465
36047049600,0.34373333333333334
36047049700,0.22472952086553322
36047049800,0.3060972599358183
36047049900,0.2642082429501085
36047050001,0.17906976744186046
36047050002,0.03499469777306469
36047050100,0.2706985769728331
36047050202,0.17684630738522955
36047050300,0.14863387978142076
36047050401,0.23828647925033467
36047050402,0.12706887346502937
36047050500,0.38399446494464945
36047050600,0.3921535326086957
36047050700,0.5916901769684535
36047050801,0.3295048494129658
36047050803,0.4232105628908965
36047050804,0.24079275905118602
36047050900,0.8114605929139552
36047051001,0.5428113094044515
36047051002,0.4387497127097219
36047051100,0.390255905511811
36047051200,0.26018856447688565
36047051300,0.2883712531599856
36047051400,0.31776947705442904
36047051500,0.13584229390681005
36047051601,0.32807259814559087
36047051602,0.3294181917508877
36047051700,0.12647796488713722
36047051800,0.2651356993736952
36047051900,0.11445198836081474
36047052000,0.24485825458588104
36047052300,0.3088235294117647
36047052500,0.6696951934349356
36047052600,0.34424627412655756
36047052700,0.4407248157248157
36047052800,0.22734671730873576
36047052900,0.685638649900728
36047053000,0.5828707375099128
36047053101,0.6312587739822181
36047053102,0.6324486730095142
36047053200,0.306774441878368
36047053300,0.6886209029066171
36047053400,0.45706311721769
36047053500,0.810106137517305
36047053700,0.7277143551129464
36047053800,0.2988313856427379
36047053900,0.6900355871886121
36047054200,0.38739669421487605
36047054400,0.26440251572327045
36047054500,0.7690238278247502
36047054600,0.4734571374976552
36047054700,0.5118719664174209
36047054800,0.3081847279378144
36047054900,0.35449957947855343
36047055000,0.3884002199010445
36047055100,0.22645324347093512
36047055200,0.3256515775034294
36047055300,0.2953084832904884
36047055400,0.3166584524396254
36047055500,0.09845479223219879
36047055600,0.5181792155740051
36047055700,0.10606920022688598
36047055800,0.33237350884409705
36047056000,0.29751381215469613
36047056100,0.15386747990019406
36047056200,0.3177521008403361
36047056301,0.19393258426966292
36047056302,0.26074818537130096
36047056400,0.22998828582584926
36047056500,0.1377551020408163
36047056600,0.3138231631382316
36047056800,0.31862745098039214
36047056900,0.09875141884222474
36047057000,0.17757009345794392
36047057100,0.15445939212755355
36047057200,0.5246376811594203
36047057300,0.18124207858048164
36047057400,0.2521673577082548
36047057500,0.19820697719742741
36047057600,0.23671497584541062
36047057800,0.4177879881851001
36047057901,0.3099921321793863
36047058000,0.4317373461012312
36047058200,0.16153846153846155
36047058400,0.2614861032331254
36047058600,0.30514705882352944
36047058800,0.30128205128205127
36047058901,0.11455981941309255
36047059000,0.3331592689295039
36047059100,0.1107997962302598
36047059200,0.28005115089514065
36047059300,0.16016949152542373
36047059402,0.26837972876516775
36047059403,0.24494455316373123
36047059404,0.2683963319167971
36047059600,0.3148464163822526
36047059800,0.2804232804232804
36047060000,0.25472422799201105
36047060600,0.1764923989618094
36047060800,0.3069332640872501
36047061002,0.26733993902439024
36047061003,0.6049311926605505
36047061004,0.45493257629524486
36047061200,0.15472779369627507
36047061600,0.09618573797678276
36047062000,0.24311657879320445
36047062200,0.4343859649122807
36047062600,0.238125
36047062800,0.13706322795341097
36047063200,0.12743125419181758
36047063600,0.13278008298755187
36047063800,0.14793187347931874
36047064000,0.07552693208430913
36047064200,0.34421604191858124
36047064400,0.3425925925925926
36047064600,0.13357238906320035
36047064800,0.19672919672919673
36047065000,0.20176730486008837
36047065200,0.10478547854785479
36047065400,0.12926292629262925
36047065600,0.06782511210762332
36047065800,0.23488773747841105
36047066000,0.1198179979777553
36047066200,0.27245731254639943
36047067000,0.18950868119689693
36047067200,0.26181353767560667
36047067400,0.1156773211567732
36047067600,0.24687656171914044
36047067800,0.20672601384767555
36047068000,0.25912017167381973
36047068200,0.17486994797919167
36047068600,0.20184544405997693
36047068800,0.10927152317880795
36047069000,0.17271157167530224
36047069200,0.09407507914970602
36047069601,0.21282798833819241
36047069602,0.2381682314619659
36047069800,0.18031704095112286
36047070000,0.11913104414856342
36047070201,0.20510835913312694
36047070202,0.0
36047070601,0.13282387190684133
36047072000,0.2678746327130264
36047072200,0.2921535893155259
36047072400,0.24769703172978505
36047072600,0.24941176470588236
36047072800,0.22259565667011375
36047073000,0.12602842183994017
36047073200,0.2436430883032825
36047073400,0.09352517985611511
36047073600,0.31158182439357707
36047073800,0.32190363582618975
36047074000,0.40546006066734075
36047074200,0.3105691056910569
36047074400,0.25380710659898476
36047074600,0.15248380129589634
36047074800,0.16473988439306358
36047075000,0.2522306108442004
36047075200,0.11057692307692307
36047075400,0.08728813559322034
36047075600,0.13656828414207103
36047075800,0.359697386519945
36047076000,0.4303625889528973
36047076200,0.4525564803804994
36047076400,0.24698235840297122
36047076600,0.24790697674418605
36047076800,0.312821833161689
36047077000,0.10954616588419405
36047077200,0.31135531135531136
36047077400,0.15418632075471697
36047077600,0.29475982532751094
36047078000,0.2808783165599268
36047078200,0.2666992904330805
36047078400,0.19519752130131682
36047078601,0.26504128981517894
36047078602,0.3340847610459874
36047078801,0.3383495145631068
36047078802,0.4120631341600902
36047079001,0.4614566719829878
36047079002,0.26262988176280905
36047079201,0.2754360465116279
36047079202,0.4040833687792429
36047079400,0.4891891891891892
36047079601,0.4168591224018476
36047079602,0.314900947459087
36047079801,0.2856701667696109
36047079802,0.28335348649738007
36047080000,0.18778026905829595
36047080200,0.23500922509225092
36047080400,0.33422539399345824
36047080600,0.3091060985797828
36047080800,0.7898181818181819
36047081000,0.33816425120772947
36047081400,0.22008630835621812
36047081600,0.22884224779959378
36047081800,0.3269035532994924
36047082000,0.3850267379679144
36047082200,0.2389165708445126
36047082400,0.27738184546136535
36047082600,0.22069880583812473
36047082800,0.3027867095391211
36047083000,0.3283299099383789
36047083200,0.2514567458538772
36047083400,0.26055919095776325
36047083600,0.1720160481444333
36047083800,0.3472429210134128
36047084000,0.16760450160771703
36047084600,0.22595901208617972
36047084800,0.21658415841584158
36047085000,0.13676286072772897
36047085200,0.0
36047085400,0.2893719806763285
36047085600,0.27267744587558235
36047085800,0.2538258575197889
36047086000,0.3016129032258065
36047086200,0.3133033419023136
36047086400,0.2904874213836478
36047086600,0.2779255319148936
36047086800,0.4494672263480788
36047087000,0.40577096483318303
36047087200,0.3218909966877447
36047087401,0.6231808731808732
36047087600,0.3989276139410188
36047087800,0.38547968885047534
36047088001,0.33245521601685984
36047088002,0.20683610867659946
36047088200,0.5095833993347062
36047088400,0.41031046377922575
36047088600,0.45775883680120333
36047088800,0.472190168474498
36047089000,0.39476075105996367
36047089200,0.674410659378203
36047089400,0.5336270190895741
36047089600,0.5662517289073306
36047089800,0.3529937444146559
36047090000,0.5536649214659686
36047090200,0.5904671567465023
36047090600,0.7401315789473685
36047090800,0.7734072953437553
36047091000,0.7468471810089021
36047091200,0.6107887721499138
36047091600,0.5839598997493735
36047091800,0.47797716150081565
36047092000,0.4708557255064076
36047092200,0.3398411647915288
36047092400,0.6155651153695737
36047092800,0.13580734307145678
36047093000,0.16447368421052633
36047093200,0.4270304568527919
36047093400,0.1477725461789207
36047093600,0.2729032258064516
36047093800,0.16168118137069293
36047094401,0.357439446366782
36047094402,0.7291210509852987
36047094600,0.11865984178687762
36047095000,0.22312439103605067
36047095400,0.2604378244188671
36047095600,0.19790241678066575
36047095800,0.3077614623913695
36047096200,0.21253229974160207
36047096400,0.17653203342618384
36047096600,0.38816326530612244
36047096800,0.29324644549763035
36047097000,0.18218623481781376
36047097400,0.3614709569577936
36047098200,0.6719302380391232
36047098400,0.09612403100775194
36047098600,0.32731554160125587
36047098800,0.15973826020015397
36047099000,0.11170528817587641
36047099200,0.2745792736935341
36047099400,0.17513839959738298
36047099600,0.26058437686344665
36047099800,0.19298708146585816
36047100400,0.25719831769653834
36047100600,0.23870003735524842
36047100800,0.2900262467191601
36047101000,0.4145267791636097
36047101200,0.17705064993276556
36047101400,0.3015476784822766
36047101600,0.08586184635248548
36047101800,0.16198262646908534
36047102000,0.1496881496881497
36047102200,0.2757784067933684
36047102400,0.32314814814814813
36047102600,0.18033311979500322
36047102801,0.2180209171359614
36047103401,0.7277628032345014
36047105801,0.5652898067954697
36047105804,0.3819548872180451
36047107001,0.26570648125155205
36047107800,0.166512274201019
36047109800,0.41367323290845887
36047110400,0.3062759849534746
36047110600,0.7
36047111000,0.5866530473272046
36047111600,0.3135802469135803
36047111800,0.29500520291363164
36047112000,0.2257210123602119
36047112200,0.5640336134453782
36047112400,0.5
36047112600,0.3811969629298794
36047112800,0.522077922077922
36047113000,0.4054685674222949
36047113200,0.484612228149364
36047113400,0.7189072609633357
36047114201,0.30713342140026423
36047114202,0.45707070707070707
36047114400,0.5001759943681802
36047114600,0.3293333333333333
36047115000,0.45951704545454547
36047115200,0.3016413750387117
36047115600,0.5618593563766389
36047115800,0.3710287443267776
36047116000,0.4472913616398243
36047116200,0.2869070208728653
36047116400,0.33305830583058305
36047116600,0.47465437788018433
36047116800,0.5314881668672282
36047117000,0.5638676844783715
36047117201,0.34991496598639454
36047117202,0.46400341807306134
36047117400,0.3353207727164321
36047117601,0.3174842010231718
36047117602,0.29905913978494625
36047117800,0.5089786756453423
36047118201,0.199375
36047118202,0.3815354070152217
36047118400,0.37510390689941814
36047118600,0.22800565770862802
36047118800,0.4512147335423197
36047119000,0.5612244897959183
36047119200,0.30144494270054806
36047119400,0.48177842565597667
36047119600,0.5262418816921186
36047119800,0.5053822798785537
36047120000,0.4697812384130515
36047120200,0.307035175879397
36047120801,0.39521185635569067
36047120802,0.6438023820026467
36047120803,0.26375496313102664
36047121000,0.812559694364852
36047121400,0.7664013766401376
36047122000,0.4776388888888889
36047123700,0.6509314140558848
36047150200,0.0695970695970696
36047152200,0.08690546095126248
36061000201,0.6619610835558947
36061000202,0.43126877413817766
36061000600,0.6239243498817967
36061000700,0.08496656675121052
36061000800,0.5123407186316152
36061000900,0.10038398244651674
36061001001,0.11143867924528301
36061001002,0.7273334446485223
36061001200,0.2561480399318237
36061001300,0.09895083316190084
36061001401,0.11353431686978832
36061001402,0.4490106544901065
36061001501,0.1723419041000695
36061001502,0.13679068019541527
36061001600,0.4074361963984972
36061001800,0.4127104504777795
36061002000,0.6624013648965664
36061002100,0.024467353951890033
36061002201,0.4466755912539045
36061002202,0.36453788179293933
36061002400,0.7413593133843656
36061002500,0.6827371695178849
36061002601,0.5339721254355401
36061002602,0.24701968394787913
36061002700,0.2794979079497908
36061002800,0.3886690932109511
36061002901,0.7967479674796748
36061002902,0.4588053553038105
36061003001,0.2779214064115822
36061003002,0.42357935989549317
36061003100,0.2160574412532637
36061003200,0.23514555363551776
36061003300,0.06117159149818559
36061003400,0.26071912140815406
36061003601,0.3436437797416723
36061003602,0.3447385409941898
36061003700,0.09378698224852071
36061003800,0.28746370407776795
36061003900,0.14194854004047414
36061004001,0.20384351407000686
36061004002,0.21720858217208583
36061004100,0.24510243756542546
36061004200,0.1409889660809154
36061004300,0.3694905552375501
36061004400,0.15158356851677643
36061004500,0.16884176182707994
36061004700,0.13138686131386862
36061004800,0.15024262784621129
36061004900,0.11978683966635774
36061005000,0.07060041407867494
36061005200,0.1355857832382624
36061005400,0.13984225111916435
36061005501,0.18584070796460178
36061005502,0.16579770594369134
36061005600,0.24261603375527427
36061005700,0.05091649694501019
36061005800,0.15995260663507108
36061005900,0.09621993127147767
36061006000,0.04635879218472469
36061006100,0.0966914593485509
36061006200,0.29805491990846683
36061006300,0.0780231716147719
36061006400,0.21904497501388118
36061006500,0.12255489021956088
36061006600,0.157008026814854
36061006700,0.11986370014030868
36061006800,0.15544458762886598
36061006900,0.09237875288683603
36061007001,0.07536764705882353
36061007002,0.17719442165709598
36061007100,0.11711152493275398
36061007200,0.08481291269258988
36061007300,0.16962871722681683
36061007400,0.1314323902873691
36061007500,0.10021668472372698
36061007600,0.2067977067977068
36061007700,0.11987381703470032
36061007800,0.1163616195230172
36061007900,0.13037283305628117
36061008000,0.11077903964933254
36061008100,0.1214697843911327
36061008200,0.10137989298789074
36061008300,0.30963665086887837
36061008400,0.08690176322418136
36061008601,0.19667412855772307
36061008603,0.03378803777544596
36061008700,0.14788847219957607
36061008800,0.1421706047256708
36061008900,0.1993073593073593
36061009000,0.1492730675111559
36061009100,0.22335788366150608
36061009200,0.08947745168217609
36061009300,0.23907374569729842
36061009400,0.1797752808988764
36061009500,0.11096374889478337
36061009600,0.259927797833935
36061009700,0.27532410459239726
36061009800,0.18432725480532283
36061009901,0.05954368391764051
36061009902,0.15930650964998364
36061009903,0.23034934497816595
36061010000,0.14119804400977995
36061010100,0.2889254385964912
36061010200,0.205761316872428
36061010300,0.13535684987694832
36061010400,0.08636977058029689
36061010601,0.053896280206353515
36061010602,0.09695512820512821
36061010801,0.1284796573875803
36061010802,0.11971507352941177
36061010803,0.054371002132196165
36061010900,0.49047619047619045
36061011000,0.08478290645117108
36061011100,0.2424984690753215
36061011201,0.1047008547008547
36061011202,0.10860655737704918
36061011203,0.07713754646840149
36061011300,0.6642335766423357
36061011401,0.06704438149197356
36061011402,0.11514129059468578
36061011500,0.2696629213483146
36061011600,0.12227708393842579
36061011700,0.15507914245642157
36061011800,0.11088879528222409
36061011900,0.7221153846153846
36061012000,0.16638823922485801
36061012101,0.37229129662522203
36061012102,0.28726833199033036
36061012200,0.09662576687116564
36061012400,0.07287188306104901
36061012500,0.1981981981981982
36061012601,0.07010920857489551
36061012602,0.12558735583084152
36061012700,0.17822899041173154
36061012800,0.06017699115044248
36061012901,0.14700374531835206
36061012902,0.2680851063829787
36061013000,0.07984581497797356
36061013100,0.25115970841616964
36061013201,0.17092511013215858
36061013202,0.2946948788715118
36061013203,0.24900631283610006
36061013300,0.2555520304568528
36061013400,0.15431338028169014
36061013501,0.26876778288465747
36061013502,0.4069537020356693
36061013601,0.07897793263646923
36061013602,0.05291436014327581
36061013603,0.08712217424434848
36061013604,0.14759825327510917
36061013700,0.13106140219186307
36061013800,0.09591030087924497
36061013900,0.20260552371026577
36061014000,0.09568480300187618
36061014200,0.08580159849553362
36061014401,0.03876827647319451
36061014402,0.0866211806585583
36061014500,0.11764705882352941
36061014601,0.15692640692640691
36061014602,0.1296098660026088
36061014700,0.057639836289222375
36061014801,0.041128484024473146
36061014802,0.13946167165118842
36061014900,0.18086089044891926
36061015001,0.05730223123732252
36061015002,0.08936355710549258
36061015101,0.5398198198198199
36061015102,0.16970959441244945
36061015200,0.28204476093591047
36061015301,0.10960378983634797
36061015302,0.08666542681792822
36061015401,0.10115730818688384
36061015402,0.0979738394460118
36061015403,0.1458717475927064
36061015501,0.10955940204563336
36061015502,0.19063286239597446
36061015601,0.1894519131334023
36061015602,0.4064195298372514
36061015700,0.12964090079123555
36061015801,0.10656965546757971
36061015802,0.257
36061015900,0.09627984453081621
36061016001,0.058599167822468795
36061016002,0.30998116760828626
36061016100,0.10289901242433896
36061016200,0.5880066629650195
36061016300,0.21029243119266056
36061016400,0.6006655574043261
36061016500,0.1353176243626843
36061016600,0.4828708461801987
36061016700,0.09797109505280711
36061016800,0.49562390597649414
36061016900,0.1694126524965413
36061017000,0.4305832648750147
36061017100,0.16509799579227108
36061017200,0.637901861252115
36061017300,0.15083217753120665
36061017401,0.619757174392936
36061017402,0.42151047844998024
36061017500,0.08485666805151641
36061017700,0.275476031001818
36061017800,0.5464553060325847
36061017900,0.12880538531096153
36061018000,0.633142037302726
36061018100,0.09471540115423786
36061018200,0.5059585111078417
36061018300,0.19834900252235727
36061018400,0.5562106918238994
36061018500,0.08724035608308606
36061018600,0.5537505972288581
36061018700,0.16261869065467266
36061018800,0.4785008047827087
36061018900,0.5373482726423903
36061019000,0.27238504974455496
36061019100,0.2136671016727963
36061019200,0.7536163149158169
36061019300,0.43404457088667614
36061019400,0.5214780600461894
36061019500,0.2080076785959139
36061019600,0.5697969543147208
36061019701,0.45407098121085593
36061019702,0.3428174878556558
36061019800,0.1655524970507275
36061019900,0.30395601038643655
36061020000,0.31828370156900415
36061020101,0.29365079365079366
36061020102,0.2927010923535253
36061020300,0.33988212180746563
36061020500,0.10727455581629232
36061020600,0.3837638376383764
36061020701,0.3340827338129496
36061020800,0.2993519005079699
36061020901,0.6213105076741441
36061021000,0.572463768115942
36061021100,0.3576580398812049
36061021200,0.310930576070901
36061021303,0.36957521852476616
36061021400,0.267349636483807
36061021500,0.2966849511089912
36061021600,0.44798965182709927
36061021800,0.4425716768027802
36061021900,0.6902038786673297
36061022000,0.25496688741721857
36061022102,0.20831758034026465
36061022200,0.4386961722488038
36061022301,0.4487263226649249
36061022302,0.6142951251646904
36061022400,0.5235918806291168
36061022500,0.30360674263113285
36061022600,0.3802712242244102
36061022700,0.40831057354662503
36061022800,0.257851999387161
36061022900,0.4487305219570666
36061023000,0.5137572782281082
36061023100,0.4141950715655895
36061023200,0.6069225138554847
36061023300,0.35031241510459116
36061023400,0.4560348403152219
36061023501,0.2955335651243648
36061023502,0.4543311726576311
36061023600,0.5268727951857232
36061023700,0.538878842676311
36061023802,0.1630844227786395
36061023803,0.22446555819477435
36061023804,0.12093920874879382
36061023900,0.5574032619123761
36061024000,0.9254170755642787
36061024100,0.5317840895118653
36061024200,0.6254742547425475
36061024301,0.31734546206326236
36061024302,0.5708058124174372
36061024500,0.5048855662666404
36061024700,0.43291962174940896
36061024900,0.19904306220095694
36061025100,0.5698924731182796
36061025300,0.4253538680673017
36061025500,0.2987993803253292
36061025700,0.27227926078028747
36061025900,0.33562379214086324
36061026100,0.4653605015673981
36061026300,0.5412782208244412
36061026500,0.20109157064887812
36061026700,0.2789644012944984
36061026900,0.2988453701607426
36061027100,0.32743895104053894
36061027300,0.18052558080487496
36061027500,0.09935691318327974
36061027700,0.5242609254498715
36061027900,0.469155242682475
36061028100,0.1003225806451613
36061028300,0.30048780487804877
36061028500,0.4852184320766008
36061028700,0.21768707482993196
36061029100,0.3511655207110515
36061029300,0.5337036641384467
36061029500,0.27232663642255345
36061029900,0.5880189174986863
36061030300,0.3102189781021898
36061030700,0.144905273937532
36061030900,0.5932629026671286
36061031703,0.07286821705426356
36061031704,0.059297912713472484
36081000101,0.16650089516610303
36081000102,0.08162923231645994
36081000104,0.7738095238095238
36081000200,0.36606441476826396
36081000400,0.2539046010975095
36081000600,0.5185089974293059
36081000701,0.11114619513735396
36081000702,0.1636414409382854
36081000800,0.23240291262135923
36081001000,0.23879974994790581
36081001200,0.32530751112274275
36081001400,0.3070040899795501
36081001600,0.21832993890020366
36081001800,0.3753835663143539
36081001901,0.0
36081001902,0.140739276536865
36081001903,0.18355359765051396
36081002000,0.2863381160324392
36081002200,0.3628423977768956
36081002400,0.46938775510204084
36081002500,0.6174205016788465
36081002600,0.28680981595092025
36081002800,0.25143843498273877
36081003000,0.1879455605962411
36081003100,0.2619899785254116
36081003200,0.290580095795636
36081003301,0.09060175794455713
36081003302,0.45085470085470086
36081003400,0.39481946624803765
36081003600,0.22777498744349572
36081003800,0.3554936305732484
36081003900,0.4860724233983287
36081004001,0.3413654618473896
36081004002,0.5794902912621359
36081004200,0.3288590604026846
36081004300,0.7144221585482331
36081004401,0.3968421052631579
36081004500,0.20181488203266787
36081004700,0.40650207773160596
36081005100,0.49177562210037956
36081005200,0.28132308720347476
36081005300,0.2036563071297989
36081005400,0.3297644539614561
36081005500,0.33540372670807456
36081005700,0.31938976377952755
36081005800,0.21677338747462127
36081005900,0.4111258278145695
36081006100,0.1646540157178455
36081006201,0.1788756388415673
36081006202,0.22605185530197175
36081006300,0.15178571428571427
36081006501,0.29460453709380746
36081006502,0.32643935159306875
36081006900,0.2155237377543331
36081007100,0.21286173633440514
36081007300,0.2574146614437605
36081007500,0.1916439600363306
36081007700,0.3089858118759853
36081007900,0.3518733101583623
36081008100,0.13074842200180342
36081008300,0.31906443071491614
36081008500,0.36198738170347006
36081008600,0.3087540864511442
36081008700,0.6497283477149249
36081008800,0.1978206202849958
36081009100,0.1768916155419223
36081009400,0.3746778350515464
36081009500,0.2060373742213704
36081009600,0.17613636363636365
36081009700,0.14420746485700436
36081009800,0.42280285035629456
36081010000,0.2648062015503876
36081010100,0.14758675708017552
36081010200,0.19573853376670278
36081010300,0.2898954703832753
36081010400,0.3068251066422913
36081010500,0.4337916745149746
36081010600,0.3028372900984366
36081010800,0.32597402597402597
36081011000,0.321656050955414
36081011100,0.1793828416412343
36081011200,0.29548180727708917
36081011300,0.2600896860986547
36081011400,0.1587071876507477
36081011500,0.17161992465466722
36081011600,0.36747273589378854
36081011700,0.1948249619482496
36081011800,0.2664543524416136
36081011900,0.3029728020240354
36081012000,0.32424355621964884
36081012100,0.15754716981132075
36081012200,0.31307991619275666
36081012301,0.18313485677502414
36081012400,0.30757529662306055
36081012500,0.24533715925394547
36081012601,0.31573389651531153
36081012602,0.19918367346938776
36081012800,0.1964354901201085
36081013000,0.22605169792194627
36081013200,0.267027027027027
36081013400,0.21104135893648449
36081013500,0.10714285714285714
36081013600,0.1717272274763564
36081013700,0.14533401325854156
36081013800,0.2636024844720497
36081014000,0.1644808743169399
36081014100,0.3008474576271186
36081014201,0.5132130872483222
36081014202,0.4013286440015631
36081014300,0.36130180523773203
36081014400,0.393681652490887
36081014500,0.3174468085106383
36081014700,0.19609164420485176
36081014800,0.45329153605015676
36081014900,0.39732142857142855
36081015000,0.26497504159733776
36081015100,0.2052807735217553
36081015200,0.40423120513789196
36081015300,0.30866322432587495
36081015400,0.2125129265770424
36081015500,0.07135627530364372
36081015600,0.2394567548248749
36081015700,0.24384787472035793
36081015801,0.2857513625746172
36081015802,0.21708542713567838
36081015900,0.33865030674846625
36081016100,0.25450081833060556
36081016300,0.39913648356920123
36081016400,0.21240141419635572
36081016600,0.3397233681145353
36081016800,0.19855491329479769
36081016900,0.2668503213957759
36081017000,0.2825674135966578
36081017102,0.9069767441860465
36081017200,0.38329979879275655
36081017400,0.1371939370384765
36081017600,0.3550624133148405
36081017800,0.26732673267326734
36081017901,0.4240506329113924
36081017902,0.7631578947368421
36081018000,0.3108108108108108
36081018101,0.3170610211706102
36081018102,0.24193548387096775
36081018200,0.28019158398905236
36081018300,0.24952344643537933
36081018401,0.3593012275731822
36081018402,0.22192691029900333
36081018501,0.32453245324532454
36081018502,0.24301494476933072
36081018600,0.4117032392894462
36081018700,0.3739346590909091
36081018800,0.137660485021398
36081018900,0.36380832282471626
36081019000,0.23129525341914722
36081019200,0.13841670713938806
36081019400,0.277069021916912
36081019600,0.32809773123909247
36081019800,0.20006559527714005
36081019901,0.41106719367588934
36081019902,0.5789473684210527
36081020200,0.4071560764959901
36081020400,0.3835431654676259
36081020500,0.3939393939393939
36081020600,0.38165879973027644
36081020800,0.387953182986012
36081021200,0.5052861830113015
36081021400,0.36567536135570694
36081021601,0.12828828828828828
36081021602,0.4105199516324063
36081022001,0.20676064877974837
36081022002,0.20573025856044724
36081023000,0.22150882825040127
36081023200,0.2789549475416581
36081023501,0.2890082829639579
36081023502,0.299892895394502
36081023600,0.3206205559146736
36081023800,0.4531883523774419
36081024000,0.4838664617963403
36081024300,0.23751566135672095
36081024500,0.23183893731838937
36081024700,0.4396551724137931
36081024900,0.29371748699479794
36081025100,0.2036259862346819
36081025301,0.366743648960739
36081025302,0.32929352645580845
36081025401,0.29124236252545826
36081025402,0.45008347245409014
36081025500,0.31174533479692645
36081025700,0.3133047210300429
36081025800,0.23321414382201033
36081025900,0.2392725206024439
36081026000,0.3986013986013986
36081026100,0.43401435670900057
36081026200,0.258148631029987
36081026300,0.2064132104454685
36081026400,0.2831823552579756
36081026501,0.4046630469498563
36081026502,0.2092078537576168
36081026600,0.4460345855694693
36081026700,0.4622447067640997
36081026901,0.4853941576630652
36081026902,0.5014402304368699
36081027000,0.30216744581385463
36081027101,0.45416187188339086
36081027102,0.2691176470588235
36081027200,0.42242242242242245
36081027301,0.45507246376811594
36081027302,0.45811458571102487
36081027400,0.3304871923656454
36081027500,0.40149339460080413
36081027600,0.23761118170266837
36081027701,0.3637365665472582
36081027702,0.2607668067226891
36081027800,0.4457831325301205
36081027900,0.22717760920742872
36081028000,0.35432098765432096
36081028100,0.2745355909912872
36081028200,0.3529941467807294
36081028300,0.3434530095036959
36081028400,0.09483793517406963
36081028500,0.20243619489559164
36081028700,0.3023861171366594
36081028801,0.12429378531073447
36081028802,0.4670376712328767
36081028900,0.23373824451410657
36081029100,0.3887563884156729
36081029300,0.3078817733990148
36081029400,0.25744843391902217
36081029500,0.20147965474722565
36081029700,0.2592274678111588
36081030600,0.25848074921956293
36081030903,0.26897496087636935
36081030904,0.32005792903692976
36081030905,0.3622990078686281
36081030906,0.35374149659863946
36081031700,0.2597499533495055
36081032000,0.36980306345733044
36081032700,0.47305028605841615
36081032800,0.2109479305740988
36081032900,0.2664423371061487
36081033000,0.15681850232689323
36081033401,0.25584626070849736
36081033403,0.25592635212888376
36081033404,0.4484235777930089
36081033405,0.10214723926380367
36081033700,0.27962279622796227
36081033900,0.3793478260869565
36081034700,0.380522713130056
36081035100,0.3978082191780822
36081035200,0.24489795918367346
36081035300,0.22356215213358072
36081035700,0.3457562568008705
36081035800,0.22532188841201717
36081036100,0.30040964952207555
36081036300,0.30426356589147285
36081036500,0.44102373887240354
36081036600,0.2744964151587573
36081036700,0.34913400182315407
36081036800,0.18149882903981265
36081037100,0.3563791874554526
36081037300,0.4774886410574143
36081037501,0.5788352272727273
36081037502,0.4144640234948605
36081037600,0.10663053873127191
36081037700,0.3923468152094938
36081037900,0.45321719584152853
36081038100,0.43564073226544625
36081038400,0.16419703644373249
36081039400,0.3291253381424707
36081039800,0.09958008398320337
36081039901,0.3343936381709742
36081039902,0.5545657015590201
36081040000,0.19455943228858663
36081040101,0.38779803646563815
36081040102,0.49068825910931174
36081040200,0.1782857142857143
36081040301,0.5794788273615635
36081040302,0.38177874186550975
36081040400,0.25422974176313445
36081040501,0.3037300177619893
36081040502,0.21403197158081705
36081040701,0.49486887115165334
36081040702,0.448572091943348
36081040901,0.3555449785816278
36081040902,0.34970364098221846
36081041100,0.4396462018730489
36081041300,0.5177178515712058
36081041400,0.27601899485556
36081041500,0.42405216131369233
36081042400,0.2223120452708165
36081042600,0.946524064171123
36081042700,0.5186842694115015
36081043200,0.12460567823343849
36081043400,0.2885353812397148
36081043701,0.37475149105367794
36081043702,0.47778773524516704
36081043900,0.4368140482910003
36081044000,0.42634880803011294
36081044301,0.5761482675261885
36081044302,0.38153782037924566
36081044400,0.482111139304745
36081044601,0.4742978272390037
36081044602,0.627920910724985
36081044800,0.4517589690003483
36081045000,0.20508982035928144
36081045200,0.209
36081045400,0.44502399332359693
36081045500,0.3670653848976297
36081045600,0.34807073954983925
36081045700,0.3314254565276642
36081045800,0.2599364069952305
36081045900,0.254326561324304
36081046000,0.3629111038749593
36081046100,0.43972210870453615
36081046200,0.44370065224854105
36081046300,0.4427555773473891
36081046400,0.2426509887760556
36081046500,0.3988134475939354
36081046600,0.35476487723678735
36081046700,0.4481152054214316
36081046800,0.30676328502415456
36081046901,0.32245301681503463
36081046902,0.33386454183266934
36081047000,0.2890489913544669
36081047100,0.4562607204116638
36081047200,0.11687617009895694
36081047300,0.3045662100456621
36081047500,0.2749904979095401
36081047600,0.15250696378830084
36081047801,0.35428736964078794
36081047802,0.2072202166064982
36081047900,0.3594227504244482
36081048000,0.23436835389196087
36081048100,0.35304713299309515
36081048200,0.3942232630757221
36081048301,0.3282828282828283
36081048302,0.33292079207920794
36081048400,0.23154701718907988
36081048500,0.3565104729000216
36081048900,0.3337415799142682
36081049201,0.18064312736443883
36081049202,0.20393700787401575
36081049301,0.31904963937208314
36081049302,0.2946961714085002
36081049500,0.12374371859296482
36081049600,0.1814595660749507
36081049700,0.398975344220301
36081049900,0.32996323529411764
36081050000,0.20429165754324502
36081050201,0.19170632222977566
36081050202,0.260454878943507
36081050400,0.22077922077922077
36081050500,0.27376623376623377
36081050600,0.2101998621640248
36081050700,0.25795257374204744
36081050800,0.1947458595088521
36081051000,0.27202868852459017
36081051100,0.25858290723155586
36081051200,0.11082662765179224
36081051300,0.29082369942196534
36081051500,0.18416473317865428
36081051600,0.22469359963685884
36081051700,0.10892116182572614
36081051800,0.24711111111111111
36081052000,0.1284722222222222
36081052100,0.26409344845099036
36081052200,0.2740331491712707
36081052400,0.18907563025210083
36081052500,0.2815533980582524
36081052600,0.15008223684210525
36081052800,0.20885657633840052
36081053000,0.11538461538461539
36081053100,0.3944409743910056
36081053200,0.3580353295993106
36081053401,0.2208912314326785
36081053501,0.37928286852589643
36081053601,0.20923076923076922
36081053800,0.24711596842744385
36081053901,0.2336620041274937
36081053902,0.4852941176470588
36081054000,0.3866057838660578
36081054200,0.19955572010366532
36081054500,0.34755934915977593
36081054700,0.3924894003634161
36081054800,0.1395631067961165
36081054900,0.3505586592178771
36081055100,0.37335152341973626
36081055200,0.2863945578231292
36081055300,0.2700287264602617
36081055400,0.17157397310069067
36081055500,0.3419953596287703
36081055600,0.1397027600849257
36081055700,0.271055900621118
36081055800,0.1883008356545961
36081055900,0.4378238341968912
36081056000,0.2385211687537269
36081056100,0.0
36081056200,0.1322373123659757
36081056400,0.2761904761904762
36081056500,0.19532554257095158
36081056600,0.30387143900657415
36081056700,0.20297726815530073
36081056800,0.1353026234249122
36081057700,0.19625246548323472
36081057900,0.3528368794326241
36081058000,0.15999063012415085
36081058100,0.3947735191637631
36081058200,0.15900667160859897
36081058300,0.21852541921746074
36081058500,0.3237971391417425
36081058700,0.18246753246753247
36081058900,0.35777126099706746
36081059000,0.22344013490725126
36081059100,0.2490622655663916
36081059200,0.18741721854304635
36081059300,0.36014580801944107
36081059400,0.06666666666666667
36081059501,0.24403669724770644
36081059502,0.2842039800995025
36081059600,0.20012995451591942
36081059800,0.14745762711864407
36081059900,0.3505866114561767
36081060000,0.11067193675889328
36081060100,0.2145054945054945
36081060300,0.30929885629040277
36081060600,0.17792792792792791
36081060701,0.0
36081060800,0.16480630334865398
36081061000,0.13329121920404297
36081061200,0.02608267716535433
36081061301,0.33326728749752327
36081061400,0.05009887936717205
36081061601,0.16516985552518548
36081061602,0.040473840078973346
36081061800,0.09971509971509972
36081061900,0.27377928309342364
36081062000,0.06861313868613139
36081062100,0.2764493940386505
36081062200,0.12370113805047006
36081062300,0.29520795660036164
36081062500,0.2680933852140078
36081062600,0.11044176706827309
36081062700,0.16643356643356644
36081062900,0.22813578826237055
36081063000,0.05696636925188744
36081063200,0.1364545818327331
36081063301,0.16687041564792177
36081063302,0.16596858638743456
36081063500,0.16987673343605547
36081063700,0.32017787659811003
36081063800,0.20293122886133033
36081063900,0.12563291139240507
36081064101,0.1282051282051282
36081064500,0.22025565388397247
36081064600,0.12164157071154413
36081065000,0.12475557293703558
36081065401,0.23074761101742552
36081065600,0.14303030303030304
36081065702,0.15384615384615385
36081065703,0.13044970820460006
36081065900,0.09343832020997375
36081066000,0.1205651491365777
36081066100,0.12333965844402277
36081066301,0.11141304347826086
36081066401,0.3970775095298602
36081066402,0.23143032535297728
36081066403,0.2571665285832643
36081066501,0.1646477132262052
36081066701,0.24245768947755703
36081066900,0.11433447098976109
36081067100,0.10718897976754198
36081067700,0.1162546028406102
36081067900,0.4037328094302554
36081068000,0.08510261854210899
36081068200,0.17619493908153702
36081068300,0.3836936090225564
36081068700,0.26182212581344905
36081069000,0.1675550405561993
36081069300,0.28530259365994237
36081069400,0.1945067264573991
36081069500,0.18757815756565235
36081069701,0.2538116591928251
36081069702,0.21478449313749098
36081070300,0.1759697256385998
36081070700,0.10237109522017313
36081070900,0.13220338983050847
36081071100,0.13285307421678674
36081071303,0.13632238155745144
36081071304,0.19176755447941887
36081071305,0.25914634146341464
36081071306,0.22144725370531823
36081071701,0.37064291247095277
36081071702,0.22577737719693555
36081071900,0.48719424460431654
36081072100,0.22074018410670673
36081072300,0.08190976784932107
36081072900,0.15117994100294985
36081073100,0.12133182844243792
36081073700,0.19479311947931194
36081073900,0.1394392523364486
36081074100,0.15080428954423591
36081074300,0.1743951612903226
36081074500,0.29039634146341464
36081074700,0.1995035681042507
36081074900,0.08061292471685542
36081075701,0.08648090815273478
36081075702,0.12252427184466019
36081076901,0.16775244299674266
36081076902,0.06104417670682731
36081077300,0.14134438305709024
36081077500,0.1390051139005114
36081077902,0.18693427784336875
36081077903,0.24288531980839673
36081077904,0.21262567990769737
36081077905,0.268247499073731
36081077906,0.1686746987951807
36081077907,0.378168202764977
36081077908,0.3835477318889641
36081078800,0.3072067332982641
36081079000,0.26727758686521574
36081079200,0.208960988798764
36081079701,0.43271387375841075
36081079702,0.5650618982118294
36081079900,0.4803025527891585
36081080301,0.4649867374005305
36081080302,0.340787554691298
36081080900,0.37843163010639697
36081081400,0.191025641025641
36081081800,0.28529339553154925
36081083700,0.28069458631256383
36081083800,0.2865759090125797
36081084000,0.24374652584769316
36081084500,0.47231139646869985
36081084601,0.20997846374730797
36081084602,0.3755203996669442
36081084901,0.4797585227272727
36081084902,0.56225
36081085300,0.44325842696629214
36081085500,0.5908946195479147
36081085700,0.4467367585796469
36081085900,0.3725561187545257
36081086100,0.5628661559260928
36081086300,0.5750148544266191
36081086400,0.21386430678466076
36081086500,0.4112407211028632
36081086900,0.4614035087719298
36081087100,0.41515426497277674
36081088400,0.17832054468820924
36081088902,0.44798813276469496
36081088903,0.2870793518903199
36081089201,0.07483533954122189
36081090700,0.44113475177304967
36081091603,0.08692346680182464
36081091800,0.26666666666666666
36081091900,0.345389507154213
36081092200,0.10860561435803037
36081092500,0.31041148853907763
36081092800,0.14016557236654295
36081092900,0.1975572903550743
36081093401,0.16392215568862276
36081093402,0.20741286205203732
36081093800,0.3802936795062779
36081093900,0.2651723086306801
36081094201,0.38780767029192903
36081094202,0.4302680692229386
36081094203,0.25802226588081206
36081094500,0.3108308605341246
36081094700,0.3359733222175907
36081095400,0.2882361667408396
36081096400,0.2625934810215888
36081097202,0.7657142857142857
36081097204,0.1977540399890441
36081097205,0.7057134654033879
36081097206,0.5704479768786127
36081097300,0.14930555555555555
36081098100,0.1734006734006734
36081098700,0.18361153262518967
36081099100,0.13337092908501338
36081099200,0.6304938830992297
36081099701,0.13675832127351664
36081099703,0.17629407351837958
36081099704,0.12781130005485464
36081099705,0.18715305313243458
36081099801,0.30166404317517426
36081099802,0.3909343806251023
36081100801,0.12091708542713568
36081100803,0.59375
36081100804,0.14999061385395157
36081101002,0.3412427449641516
36081101003,0.4830508474576271
36081101004,0.5004063058670567
36081101700,0.1811836556638069
36081102900,0.21502890173410405
36081103201,0.5325475488882936
36081103202,0.32998984255967495
36081103300,0.28856897292651484
36081103900,0.2992392223161454
36081104700,0.33812847172767413
36081105900,0.13310412573673872
36081107201,0.18193717277486912
36081108500,0.2093558282208589
36081109300,0.1454359673024523
36081109700,0.09054441260744986
36081109900,0.1275820170109356
36081111300,0.1894273127753304
36081112300,0.2269471799462847
36081112900,0.2053388090349076
36081113300,0.13584036838066002
36081113900,0.30434782608695654
36081114100,0.1518987341772152
36081114700,0.07849829351535836
36081115100,0.1748099891422367
36081115500,0.32923368022705773
36081115700,0.3715726441853136
36081115900,0.37077861163227016
36081116100,0.5209235209235209
36081116301,0.4800806858295512
36081116302,0.6426599749058971
36081116700,0.3786743515850144
36081117100,0.3155339805825243
36081117500,0.19365572315882876
36081118100,0.3389484430832057
36081118500,0.4210794297352342
36081118700,0.35161290322580646
36081118900,0.2371364653243848
36081119100,0.43562014193984455
36081119300,0.31888246628131023
36081119500,0.1874062968515742
36081119900,0.476
36081120100,0.26083916083916087
36081120300,0.49730700179533216
36081120500,0.4628068889703188
36081120701,0.21741956451088723
36081121500,0.28925051570020627
36081122300,0.17764120573602576
36081122702,0.6075150447673565
36081122703,0.3154108753962448
36081122704,0.27529761904761907
36081124100,0.20411794611082867
36081124700,0.13669849931787176
36081125700,0.295087265675501
36081126500,0.20665322580645162
36081126700,0.38205440519691436
36081127700,0.13606299212598424
36081129102,0.13742842269651223
36081129103,0.19081908190819083
36081129104,0.12081148848871666
36081130100,0.17316572601334018
36081133300,0.18232044198895028
36081133900,0.13901345291479822
36081134100,0.24630945872061236
36081134701,0.3087745279526101
36081134702,0.1931748933577087
36081136700,0.16536904391155402
36081137700,0.1845438097699664
36081138501,0.2282233969202482
36081138502,0.5294117647058824
36081139900,0.1579961464354528
36081140300,0.25787631271878647
36081140901,0.07578397212543554
36081140902,0.2268668831168831
36081141700,0.3565716629075251
36081142900,0.2965770171149144
36081143500,0.10798319327731093
36081144100,0.21493055555555557
36081144700,0.34048481471161884
36081145101,0.21222410865874364
36081145102,0.2825112107623318
36081145900,0.20987654320987653
36081146300,0.19871244635193133
36081146700,0.18024691358024691
36081147100,0.20697100555212833
36081147900,0.2224781206817135
36081148300,0.16936817730731063
36081150701,0.11859582542694497
36081150702,0.13963039014373715
36081152901,0.20115430317433372
36081152902,0.11050521251002406
36081155101,0.09839080459770115
36081155103,0.11877903118779032
36081155104,0.1487820934825543
36081156700,0.5535211267605634
36081157101,0.1448064933537231
36081157102,0.15106888361045132
36081157901,0.23356871265616513
36081157902,0.16968494170181098
36081157903,0.10393662986077773
36081161700,0.1655045118949959
36081162100,0.24478594950603733
36085000300,0.35007038948850305
36085000600,0.4043736100815419
36085000700,0.4156665939341043
36085000800,0.19474268789337282
36085000900,0.28900523560209423
36085001100,0.42213541666666665
36085001700,0.41504854368932037
36085001800,0.11267605633802817
36085002001,0.0944206008583691
36085002002,0.16727272727272727
36085002100,0.4765494137353434
36085002700,0.7219950940310711
36085002900,0.44087380393572845
36085003300,0.19668890536199654
36085003600,0.2950016334531199
36085003900,0.21216407355021216
36085004001,0.2391041162227603
36085004002,0.2768742562475208
36085004003,0.6376360808709176
36085004004,0.18927762396174175
36085004700,0.17734408145948238
36085005000,0.3178021978021978
36085005901,0.16435768261964737
36085006400,0.2683536394876601
36085006700,0.18481960517358748
36085007001,0.2520126006300315
36085007002,0.18128758401131942
36085007400,0.33707865168539325
36085007500,0.2801652892561983
36085007700,0.33011681056373793
36085008100,0.28497773611436605
36085009601,0.15879828326180256
36085009602,0.14561664190193166
36085009701,0.12778293135435992
36085009702,0.0
36085010500,0.2938479174627436
36085011201,0.1783406113537118
36085011203,0.4280712437205054
36085011204,0.0
36085011401,0.36079219288174513
36085011402,0.10361021426474905
36085012100,0.05318471337579618
36085012200,0.16885813148788928
36085012500,0.1417017146554513
36085012804,0.19615223755750733
36085012805,0.20996592844974446
36085012806,0.4232088070745353
36085013201,0.08287292817679558
36085013203,0.14567830566685747
36085013204,0.20837507513524345
36085013301,0.6217264791464597
36085013302,0.47974822112753146
36085013400,0.35693055930829504
36085013800,0.10460117815634454
36085014100,0.3797909407665505
36085014604,0.1363051864552079
36085014605,0.1732283464566929
36085014606,0.09459901800327332
36085014607,0.2226958993097848
36085014608,0.09394313967861558
36085014700,0.06585436611546272
36085015100,0.26036866359447003
36085015601,0.14498028510767363
36085015602,0.12594247416922646
36085015603,0.1528881254026197
36085016901,0.13932980599647266
36085017005,0.08047411104179664
36085017007,0.28023507578100837
36085017009,0.15453460620525059
36085017011,0.2152428810720268
36085017012,0.18685344827586206
36085017013,0.22090420769919428
36085017014,0.1332367849384504
36085017015,0.10241820768136557
36085017016,0.12848689771766694
36085017300,0.4431289640591966
36085017600,0.0621719822365765
36085017701,0.07298578199052133
36085017702,0.125577488450231
36085018100,0.28329223181257707
36085018701,0.19346336320506063
36085018703,0.13797942001870908
36085018704,0.14639905548996457
36085018901,0.08462732919254658
36085018902,0.3358197111569592
36085019700,0.22835820895522388
36085019800,0.14075461600214076
36085020100,0.22122963741460852
36085020701,0.2645278450363196
36085020702,0.5447518307567127
36085020803,0.15780186538946306
36085020804,0.19250089702188733
36085020805,0.22993599212210733
36085020806,0.28514780100937276
36085021300,0.3978819969742814
36085022300,0.33004746257758305
36085022601,0.16777649102489867
36085022602,0.27192386131883073
36085022801,0.0
36085023100,0.42917505030181086
36085023900,0.32667386609071275
36085024401,0.05403304178814383
36085024402,0.0622
36085024700,0.2558970693352395
36085024800,0.22659806055808432
36085025100,0.061752988047808766
36085027301,0.2309373482272948
36085027302,0.3219178082191781
36085027702,0.2975730406554336
36085027704,0.1890547263681592
36085027705,0.2954509177972865
36085027706,0.32881253767329716
36085027900,0.17114646187602853
36085029102,0.20680796403339757
36085029104,0.22545454545454546
36085029105,0.11530218602657523
36085029106,0.2154696132596685
36085030301,0.14483925549915397
36085030302,0.2100456621004566
36085031901,0.45626025150355387
36085031902,0.34545815941164776
36085032300,0.14033539276257723
