GEOID,mhf_ptg
36005000200,0.025554808338937418
36005000400,0.021331058020477855
36005001600,0.7319727891156462
36005001901,0.8087934560327199
36005001902,0.504950495049505
36005002001,0.9070422535211268
36005002002,0.5269368907131862
36005002300,0.9719188767550702
36005002500,0.8810866222450026
36005002701,0.9867330016583747
36005002702,0.8308963763509218
36005002800,0.9506542056074766
36005003100,0.9330188679245283
36005003300,0.7818765036086608
36005003500,0.7935356200527705
36005003700,1.0
36005003800,0.289405684754522
36005003900,0.8805057096247961
36005004001,0.23992994746059548
36005004100,0.7824858757062148
36005004200,0.9074011490368368
36005004300,0.7308695652173913
36005004400,0.8281724347298118
36005004600,0.4856733524355301
36005004800,0.8654592496765847
36005005001,0.6552614590058101
36005005002,0.69380028395646
36005005100,0.8970338983050847
36005005200,0.7408993576017131
36005005300,0.9444779722389861
36005005400,0.46401985111662536
36005005600,0.5273224043715847
36005005902,0.967121090617482
36005006000,0.7543859649122807
36005006100,0.9462789551503203
36005006200,0.8651162790697674
36005006301,0.9138370118845501
36005006400,0.22706270627062708
36005006500,0.8128861429832304
36005006700,0.897138437741686
36005006800,0.3469010175763182
36005006900,0.7824453551912568
36005007000,0.18583495776478232
36005007100,0.7014331210191083
36005007200,0.48142076502732245
36005007300,0.812700449005773
36005007400,0.5243204577968527
36005007500,0.7694818441452469
36005007600,0.36472346786248133
36005007700,0.6320132013201321
36005007800,0.44225352112676053
36005007900,0.8967097042898792
36005008300,0.6586826347305389
36005008400,0.01545893719806768
36005008500,0.7115828334102445
36005008600,0.825682382133995
36005008700,0.9414006669842783
36005008900,0.8262436914203317
36005009000,0.6703383162863887
36005009200,0.5453187250996017
36005009301,0.6246825799898426
36005009600,0.351409978308026
36005009800,0.3277841561423651
36005011502,0.695595003287311
36005011701,0.8943396226415095
36005011800,0.01835985312117505
36005011900,0.8510317060895822
36005012101,0.5884057971014494
36005012102,0.7619047619047619
36005012300,0.8096885813148789
36005012500,0.4900206469373709
36005012701,0.8093434343434344
36005012901,0.8426176311519741
36005013000,0.14910536779324057
36005013100,0.7200550711335475
36005013200,0.02314814814814814
36005013300,0.8687552921253175
36005013500,0.8274044795783926
36005013800,0.14657980456026054
36005014100,0.9368898186889819
36005014300,0.9061624649859944
36005014400,0.6973737373737374
36005014500,0.9853360488798371
36005014701,0.9491279069767442
36005014702,0.9762150982419855
36005014900,0.8186562296151337
36005015100,0.7111509180474698
36005015200,0.02137998056365409
36005015300,0.7928265524625268
36005015500,0.854020979020979
36005015700,0.7775700934579439
36005015800,0.19516728624535318
36005015900,0.8877434135166093
36005016000,0.11794228356336256
36005016100,0.9720018665422305
36005016200,0.08245614035087723
36005016400,0.07311827956989247
36005016500,0.9517045454545454
36005016600,0.0
36005016700,0.8739130434782609
36005016900,0.7591973244147157
36005017300,0.8577023498694517
36005017500,0.9473133286810886
36005017701,0.8118609406952966
36005017702,0.6156976744186047
36005017901,0.9146546883773161
36005017902,1.0
36005018101,0.760576923076923
36005018102,0.9349887133182844
36005018301,0.9853300733496333
36005018302,0.9032907991940899
36005018400,0.06925207756232687
36005018501,0.9151467089611419
36005018502,0.9023809523809524
36005018900,0.8279715543515069
36005019300,0.9706122448979592
36005019400,0.08740359897172234
36005019500,0.8810589112602536
36005019700,1.0
36005019900,0.8840356813288219
36005020000,0.5562700964630225
36005020100,0.9626104690686608
36005020200,0.5541338582677166
36005020400,0.3330404217926186
36005020501,0.9060329067641681
36005020502,0.6959395656279509
36005020601,0.36363636363636365
36005020900,0.9809010773751224
36005021001,0.945046439628483
36005021002,0.999410551134689
36005021100,0.776847290640394
36005021200,0.9203718674211803
36005021301,0.8017241379310345
36005021302,0.9365012615643398
36005021501,0.90431654676259
36005021502,0.8231142479047199
36005021601,0.6668639053254437
36005021602,0.862705740666399
36005021700,0.9463123644251626
36005021800,0.5748629270350063
36005021900,0.8934010152284264
36005022000,0.7680763983628922
36005022101,0.9086687306501549
36005022102,0.9828402366863905
36005022200,0.594925634295713
36005022300,0.9796550199026979
36005022401,1.0
36005022403,0.9724192277383766
36005022404,0.9365234375
36005022500,0.9428690575479566
36005022701,0.9330400782013686
36005022702,0.8747763864042934
36005022703,0.8577405857740585
36005022800,0.8239549839228296
36005022901,0.8607899807321773
36005022902,0.680532445923461
36005023000,0.5536044362292052
36005023100,0.7167755991285403
36005023200,0.33069977426636565
36005023301,0.925990675990676
36005023302,0.9443396226415094
36005023501,0.941747572815534
36005023502,0.9681372549019608
36005023600,0.3769363166953529
36005023702,1.0
36005023703,0.967266775777414
36005023704,0.897687456201822
36005023800,0.18285714285714283
36005023900,0.9033457249070632
36005024000,0.12148249828414548
36005024100,0.8245102125885786
36005024300,0.9781234807972776
36005024400,0.18151447661469933
36005024501,0.7988204456094364
36005024502,0.8973536487570168
36005024600,0.14470588235294113
36005024700,0.9322709163346614
36005024800,0.4623115577889447
36005025000,0.2725581395348837
36005025100,0.7233201581027668
36005025200,0.03788634097706878
36005025300,0.9252336448598131
36005025400,0.17597087378640774
36005025500,0.9589552238805971
36005025600,0.31718061674008813
36005025700,0.8873038516405135
36005026100,0.9883720930232558
36005026300,0.887858347386172
36005026400,0.20238095238095233
36005026500,0.9379280821917808
36005026601,0.6370909090909092
36005026602,0.5495697717919941
36005026701,0.9562455892731122
36005026702,0.8396436525612472
36005026900,0.8712820512820513
36005027300,0.8744939271255061
36005027401,0.012201885745978913
36005027402,0.08507570295602018
36005027600,1.0
36005027700,0.9509001636661211
36005027900,0.8240556660039762
36005028100,0.9025352112676056
36005028300,0.8900091659028414
36005028500,0.7730812013348165
36005028600,0.07186858316221767
36005028700,0.5557263643351269
36005028800,0.24003795066413658
36005028900,0.9777327935222672
36005029301,0.9544468546637744
36005029302,0.9379412857673727
36005029500,0.7868383404864092
36005029600,0.7388059701492538
36005029700,0.8838105726872246
36005030000,0.3669585078035782
36005030100,0.9349112426035503
36005030201,0.8791615289765722
36005030202,0.9279661016949152
36005030701,0.93938127090301
36005030900,0.8994826311899482
36005031000,0.0
36005031200,0.0
36005031400,0.04597701149425293
36005031600,0.0
36005031800,0.03819444444444442
36005032300,0.9531307213474918
36005032400,0.7361516034985423
36005032600,0.053333333333333344
36005032800,0.6527687296416937
36005033000,0.7100877192982455
36005033201,0.9652971679297966
36005033202,0.8478389579632919
36005033400,1.0
36005033500,0.7121401752190237
36005033601,0.9764500654164849
36005033602,0.7986577181208054
36005033700,0.20737786640079758
36005033801,0.6343975283213182
36005033802,0.912106135986733
36005034000,0.5648195221148957
36005034200,0.14446002805049085
36005034300,0.4909390444810544
36005034400,0.009202453987730008
36005034500,0.6200130804447351
36005034800,0.5312090790048014
36005035000,0.07958921694480103
36005035100,0.8497757847533632
36005035600,0.0
36005035800,0.03827072997873848
36005035900,0.8253968253968254
36005036000,0.08502024291497978
36005036100,0.9148461881408827
36005036300,0.8706563706563707
36005036400,0.0
36005036501,0.8672086720867209
36005036502,0.7123287671232876
36005036700,0.5612382234185733
36005036800,0.243531202435312
36005036901,0.8402061855670103
36005036902,0.7960140679953107
36005037000,0.07253886010362698
36005037100,0.7605555555555555
36005037200,0.5147864184008762
36005037300,0.8039895923677364
36005037400,0.7214377406931964
36005037504,0.8252361673414305
36005037600,0.4702233250620348
36005037800,0.7513768686073957
36005037900,0.875
36005038000,0.5434985968194574
36005038100,0.8295454545454546
36005038200,0.19798994974874373
36005038301,0.8903301886792453
36005038303,0.9119496855345912
36005038304,0.9938423645320197
36005038500,0.7250952640174197
36005038600,0.5075342465753425
36005038700,0.8202917771883289
36005038800,0.08081791626095425
36005038900,0.8651515151515151
36005039000,0.13183000867302685
36005039100,0.8587479935794542
36005039200,0.4584527220630372
36005039300,0.8765970707385479
36005039400,0.7597547380156076
36005039500,0.7035864978902954
36005039600,0.4160353535353535
36005039700,0.9090909090909091
36005039800,0.11459074733096086
36005039901,0.910414333706607
36005039902,0.9121693121693122
36005040100,0.9821100917431193
36005040302,0.9584055459272097
36005040303,0.8056140350877193
36005040304,0.9819684447783621
36005040400,0.15632754342431765
36005040501,0.8760162601626016
36005040502,0.8520044960659423
36005040600,0.29428571428571426
36005040701,0.9603960396039604
36005040702,0.8893630991464215
36005040800,0.7026239067055393
36005040900,0.9728601252609603
36005041100,0.9066843150231635
36005041300,0.8773866348448687
36005041400,0.36953083816552457
36005041500,0.8867403314917127
36005041800,0.5375096674400619
36005041900,0.886094674556213
36005042000,0.8698431144683324
36005042100,0.975932043416706
36005042200,0.4499205087440381
36005042300,0.8748251748251749
36005042400,0.06612529002320189
36005042500,0.8897509187423438
36005042600,0.0
36005042800,0.04713375796178343
36005042901,0.8645111624326405
36005042902,0.8967704728950404
36005043000,0.1594202898550725
36005043101,0.9570974576271186
36005043102,0.8884143085958356
36005043400,0.4118041582830315
36005043501,0.9423503325942351
36005043503,0.5294117647058824
36005043600,0.2847222222222222
36005044200,0.4365983295368261
36005044400,0.07900355871886122
36005044800,0.02425876010781669
36005044901,0.4518430439952438
36005044902,0.4386740331491713
36005045101,0.6814891416752844
36005045102,0.6074972436604189
36005045600,0.07979626485568758
36005045800,0.9681840430739109
36005046000,0.4152380952380952
36005046203,0.9728802992518704
36005046204,0.883304940374787
36005046205,0.9854620976116303
36005046206,0.9040767386091128
36005046207,0.9419842087195331
36005046208,0.021650879566982417
36005046209,0.8359008707300737
36005048401,0.03929121725731899
36005051601,0.20931326434619002
36047000100,0.8378473443545551
36047000200,0.24128686327077753
36047000301,0.8347746927628584
36047000501,0.8868292682926829
36047000502,0.8834110592938041
36047000700,0.7042572463768115
36047000900,0.859663191659984
36047001100,0.9813471502590674
36047001300,0.9747774480712166
36047001501,0.949244966442953
36047001502,0.9667634720877702
36047002000,0.2601431980906921
36047002100,0.9463035019455253
36047002200,0.6584928229665072
36047002300,1.0
36047002901,0.9740437158469946
36047003000,0.41927409261576976
36047003101,0.9704588309239472
36047003300,0.8286367098248286
36047003400,0.5532786885245902
36047003500,0.7770382695507487
36047003600,0.8308068459657701
36047003700,0.995875515560555
36047003800,0.31034482758620685
36047003900,0.8191235059760956
36047004100,0.36254980079681276
36047004300,0.7543859649122807
36047004400,0.21284755512943432
36047004500,0.5120412844036697
36047004600,0.17607973421926915
36047004700,0.7837209302325582
36047004900,0.591747146619842
36047005000,0.5213973799126638
36047005100,0.3477898248540451
36047005201,0.8316831683168316
36047005202,0.8413962033067973
36047005301,0.3590772316950852
36047005302,0.6486486486486487
36047005303,1.0
36047005400,0.7636465953854812
36047005601,0.6955974842767296
36047005602,0.8438381937911571
36047005800,0.645966709346991
36047005900,0.5572755417956656
36047006000,0.30300568643379366
36047006200,0.6170731707317073
36047006300,0.3726829268292683
36047006400,0.6233676975945017
36047006500,0.33457804331590735
36047006600,0.6277533039647577
36047006700,0.2515078407720145
36047006800,0.5494071146245059
36047006901,0.4658454647256439
36047006902,0.4786516853932584
36047007000,0.7051177904142973
36047007100,0.6954206602768903
36047007200,0.6983606557377049
36047007400,0.34728294815740157
36047007500,0.20376712328767121
36047007600,0.30666666666666664
36047007700,0.5050403225806452
36047007800,0.4293645897594077
36047008000,0.36173089925625423
36047008200,0.44801026957638
36047008400,0.6036036036036037
36047008500,0.9887605369965657
36047008800,0.5086477987421384
36047009001,0.5562130177514792
36047009002,0.3438914027149321
36047009201,0.4224137931034483
36047009202,0.8525798525798526
36047009401,0.29083094555873923
36047009402,0.42567567567567566
36047009600,0.4399195575666164
36047009800,0.3993759750390016
36047010000,0.46028513238289204
36047010100,0.436768149882904
36047010200,0.32159264931087295
36047010401,0.37848101265822787
36047010402,0.47482014388489213
36047010601,0.33240223463687146
36047010602,0.11227544910179643
36047010801,0.27463651050080773
36047010802,0.4830188679245283
36047011000,0.12274959083469716
36047011200,0.7050023375409069
36047011400,0.3900452488687782
36047011600,0.3246951219512195
36047011700,0.44223412394797246
36047011800,0.509009009009009
36047011901,0.4275147928994083
36047012000,0.36645962732919257
36047012100,0.32688172043010755
36047012200,0.5219512195121951
36047012600,0.4274725274725275
36047012700,0.7391067538126361
36047012801,0.5941176470588235
36047012901,0.29791459781529295
36047012902,0.5978647686832741
36047013000,0.6976253298153035
36047013100,0.4081738230729436
36047013200,0.19838056680161942
36047013300,0.4752275025278059
36047013400,0.25116588940706197
36047013500,0.5841760856632956
36047013600,0.4297066014669927
36047013700,0.5607687959299039
36047013800,0.5342087076710436
36047013900,0.5978552278820375
36047014000,0.3175757575757576
36047014101,0.5044404973357016
36047014102,0.6165556612749762
36047014200,0.6281050390347764
36047014300,0.5349872773536896
36047014500,0.5648148148148149
36047014700,0.4786680541103018
36047014800,0.08686440677966101
36047014901,0.4962292609351433
36047014902,0.5790842872008325
36047015000,0.0
36047015100,0.3738666666666667
36047015200,0.23336457357075913
36047015300,0.31963087248322153
36047015500,0.4932098765432099
36047015700,0.5591011235955057
36047015900,0.6892430278884463
36047016000,0.7009533366783742
36047016100,0.571258199165176
36047016200,0.6710730948678072
36047016300,0.5584346906398732
36047016400,0.789237668161435
36047016500,0.6078125
36047016600,0.0
36047016700,0.763658940397351
36047016800,0.0997624703087886
36047016900,0.4558610709117221
36047017000,0.0394957983193277
36047017100,0.4168591224018475
36047017200,0.12153708668453977
36047017400,0.07017543859649122
36047017600,0.3946002076843198
36047017800,0.4302083333333333
36047017900,0.5185421994884911
36047018000,0.2220338983050848
36047018100,0.6623711340206185
36047018200,0.15293118096856417
36047018300,0.4295676429567643
36047018400,0.0
36047018501,0.9050188882892607
36047018600,0.10325318246110327
36047018700,0.4024390243902439
36047018800,0.03862660944206009
36047019000,0.317966903073286
36047019100,0.5812407680945347
36047019200,0.18337408312958436
36047019300,0.9772209567198178
36047019400,0.22564935064935066
36047019500,0.8497281265447355
36047019600,0.3246200607902735
36047019700,0.7218162839248434
36047019800,0.008108108108108136
36047019900,0.7453416149068324
36047020000,0.09350649350649354
36047020100,0.4777039848197343
36047020200,0.01729106628242072
36047020300,0.4332579185520362
36047020400,0.028050490883590462
36047020500,0.5791770573566084
36047020600,0.22298065984072812
36047020700,0.8474855729596042
36047020800,0.13266871165644167
36047021000,0.34818114328136596
36047021100,0.7614329268292683
36047021200,0.31456043956043955
36047021300,0.9546769527483124
36047021400,0.19594594594594594
36047021500,0.9788377561303325
36047021600,0.2666666666666667
36047021700,0.9247854618879354
36047021800,0.19495635305528614
36047021900,0.6139076284379865
36047022000,0.4883546205860255
36047022100,0.51316559391457
36047022200,0.46250986582478293
36047022400,0.2712956335003579
36047022600,0.12808641975308643
36047022700,0.5512820512820513
36047022800,0.4506104328523862
36047022900,0.40485601355166567
36047023000,0.2532019704433498
36047023100,0.6112994350282486
36047023200,0.3381642512077294
36047023300,0.6467727674624226
36047023400,0.6168395363026236
36047023500,0.6802131912058628
36047023600,0.7433570965651328
36047023800,0.511444921316166
36047024000,0.35023866348448685
36047024100,0.7298761609907121
36047024200,0.1355311355311355
36047024300,0.4578139980824545
36047024400,0.12285456187895216
36047024500,0.2923892100192679
36047024600,0.02795031055900621
36047024700,0.5719225449515906
36047024800,0.10406698564593297
36047024900,0.3529700540009818
36047025000,0.08252427184466016
36047025100,0.5480984340044743
36047025200,0.5153465346534654
36047025300,0.2312879298718813
36047025400,0.21904761904761905
36047025500,0.9684747334260547
36047025600,0.0895008605851979
36047025700,0.5284384694932782
36047025800,0.32963446475195823
36047025901,0.5547533092659447
36047025902,0.9608665269042628
36047026000,0.14926660914581535
36047026100,0.5704137066443795
36047026200,0.17798594847775173
36047026300,0.41216216216216217
36047026400,0.3562231759656652
36047026500,0.37322911577918905
36047026600,0.12185215272136474
36047026700,0.2894736842105263
36047026800,0.36573511543134873
36047026900,0.4316901408450704
36047027000,0.46049661399548536
36047027100,0.6770350761085374
36047027200,0.6196403872752421
36047027300,0.28823529411764703
36047027400,0.1599210266535045
36047027500,0.22568902756110243
36047027600,0.44616467276565797
36047027700,0.5141766630316249
36047027800,0.515230635335074
36047027900,0.2778969957081545
36047028000,0.13622291021671828
36047028100,0.8505747126436781
36047028200,0.40272792534099067
36047028300,0.6392326732673268
36047028400,0.47688060731538995
36047028501,0.9063829787234042
36047028502,0.914501257334451
36047028600,0.7528764382191095
36047028700,0.5323574730354391
36047028800,0.4718543046357616
36047028900,0.5277269957343084
36047029000,0.7093655589123867
36047029100,0.4320742213386348
36047029200,0.6873840445269017
36047029300,0.5048796356538712
36047029400,0.5893648449039881
36047029500,0.17545588960078862
36047029600,0.6736541210100048
36047029700,0.31025641025641026
36047029800,0.29063250600480384
36047029900,0.24656084656084654
36047030000,0.2899926953981008
36047030100,0.15191855912294439
36047030200,0.16839916839916835
36047030300,0.5872321818976826
36047030400,0.45047169811320753
36047030500,0.8536289098086851
36047030600,0.08965517241379306
36047030700,0.6831053133948457
36047030800,0.6689342403628118
36047030900,0.6358866736621196
36047031100,0.4625758597437627
36047031300,0.6366197183098592
36047031401,0.40946502057613166
36047031500,0.7461910070605723
36047031701,0.6352055587724377
36047031702,0.5295441755768149
36047031900,0.7009482129832239
36047032100,0.7765825403392635
36047032300,0.6622306717363752
36047032500,0.9566929133858267
36047032600,0.6566610455311973
36047032700,0.7074175824175823
36047032800,0.3663688058489033
36047032900,0.7150515463917526
36047033000,0.9298339582217461
36047033100,0.7497155858930603
36047033300,0.702338766832034
36047033500,0.35788381742738584
36047033600,0.11947368421052629
36047033701,0.5204795204795205
36047033702,0.716636197440585
36047033900,0.5321828358208955
36047034000,1.0
36047034100,0.7465331278890601
36047034200,0.947682119205298
36047034300,0.7452290076335878
36047034500,0.2726495726495727
36047034700,0.7518948964123294
36047034800,0.5734966592427617
36047034901,0.8047058823529412
36047034902,0.6858432036097011
36047035000,0.9557367501456028
36047035101,0.8551980198019802
36047035102,0.7470101195952161
36047035200,0.876770538243626
36047035301,0.9525021204410518
36047035302,0.7528625954198473
36047035400,0.935973597359736
36047035500,0.7896662094192959
36047035601,0.9935400516795866
36047035602,0.9780117683493341
36047035701,0.8196261682242991
36047035900,0.7006857603872529
36047036001,0.9143763213530656
36047036002,0.9422818791946309
36047036100,0.6463790446841294
36047036200,0.5619047619047619
36047036300,0.5054102795311091
36047036400,0.562564632885212
36047036501,0.5798816568047338
36047036502,0.4189852700490998
36047036600,0.5844155844155844
36047036700,0.13672922252010722
36047036900,0.6131968145620023
36047037000,0.27183833116036504
36047037100,0.2983870967741935
36047037300,0.503562945368171
36047037401,0.6368861024033438
36047037402,0.7431072210065646
36047037500,0.5826296743063932
36047037700,0.4054470709146968
36047037900,0.33674698795180724
36047038100,0.6717680225533629
36047038200,0.9224988257397839
36047038300,0.2867351496203663
36047038500,0.2556346381969158
36047038600,0.1265004616805171
36047038700,0.47840375586854456
36047038800,0.46739130434782605
36047038900,0.7034722222222223
36047039000,0.22844344904815228
36047039100,0.8281677301731997
36047039200,0.33731105807478123
36047039300,0.46687500000000004
36047039400,0.24844720496894412
36047039500,0.6597333333333333
36047039600,0.08353808353808356
36047039700,0.2535211267605634
36047039800,0.14492753623188404
36047039900,0.5612073784237004
36047040000,0.19961427193828352
36047040100,0.3583977512297962
36047040200,0.23344191096634093
36047040300,0.22186904005085828
36047040400,0.18994974874371862
36047040500,0.5615384615384615
36047040600,0.12413194444444442
36047040800,0.056384742951907096
36047040900,0.5543318649045521
36047041000,0.1681818181818182
36047041100,0.3467933491686461
36047041200,0.3468379446640316
36047041300,0.2282828282828283
36047041401,0.49777777777777776
36047041402,0.677304964539007
36047041500,0.1942078364565588
36047041600,0.3934226552984166
36047041700,0.7177914110429449
36047041800,0.5784008307372793
36047041900,0.598731165741475
36047042000,0.14128440366972472
36047042100,0.5592469545957919
36047042200,0.3621533442088092
36047042300,0.4323116219667944
36047042400,0.49021143304620207
36047042500,0.706090026478376
36047042600,0.5219714964370546
36047042700,0.6915584415584415
36047042800,0.6130551816958277
36047042900,0.8709514170040485
36047043000,0.5629949604031678
36047043100,0.777422790202343
36047043200,0.5046666666666666
36047043300,0.6679160419790104
36047043400,0.6111908177905309
36047043500,0.2508571428571429
36047043600,0.610383064516129
36047043700,0.611190137505927
36047043800,0.7492877492877492
36047043900,0.3690186536901865
36047044000,0.341227125941873
36047044100,0.6703187250996017
36047044200,0.271875
36047044300,0.5480444229840657
36047044400,0.6182634730538923
36047044500,0.724791086350975
36047044600,0.196078431372549
36047044700,0.8679245283018868
36047044800,0.5845238095238094
36047044901,0.7497639282341833
36047045000,0.12446351931330468
36047045200,0.47943831494483446
36047045300,0.8330975954738331
36047045400,0.10051993067590992
36047045600,0.7339955849889624
36047045800,0.5379188712522046
36047046000,0.6628787878787878
36047046201,0.6745614035087719
36047046202,0.2927689594356261
36047046400,0.18614718614718617
36047046800,0.0
36047047000,0.20302648171500626
36047047200,0.26674786845310594
36047047400,0.2707535121328225
36047047600,0.17033492822966512
36047047700,0.579746835443038
36047047800,0.3897849462365591
36047048000,0.5118181818181818
36047048100,0.733715103793844
36047048200,0.6944684528954193
36047048400,0.6807857581338244
36047048500,0.6512287334593573
36047048600,0.4280701754385965
36047048800,0.7280385078219014
36047048900,0.9759114583333334
36047049000,0.8025119099177133
36047049100,0.9343907714491708
36047049200,0.6557620817843866
36047049301,0.8861788617886179
36047049302,0.9038382170862567
36047049400,0.8268643698211949
36047049500,0.5436479772888574
36047049600,0.4364912280701755
36047049700,0.6972848064702484
36047049800,0.4096534653465347
36047049900,0.73046875
36047050001,0.628125
36047050002,0.5879120879120879
36047050100,0.6424968474148802
36047050202,0.5266272189349113
36047050300,0.5308641975308642
36047050401,0.8959491660047657
36047050402,0.8260869565217391
36047050500,0.9023162134944612
36047050600,0.8180970149253731
36047050700,0.839240506329114
36047050801,0.9798831927319922
36047050803,0.9209621993127148
36047050804,0.9633123689727463
36047050900,0.6406091370558376
36047051001,0.9039907460960093
36047051002,0.9763903462749213
36047051100,0.8641358641358641
36047051200,0.9738325281803543
36047051300,0.7786666666666666
36047051400,0.9215335005374418
36047051500,0.8430141287284144
36047051601,0.8640684410646388
36047051602,0.946
36047051700,0.8738680465717982
36047051800,0.8993288590604027
36047051900,0.8957147138148037
36047052000,0.6336705202312138
36047052300,0.904098014364174
36047052500,0.9812409812409812
36047052600,0.7775401069518717
36047052700,0.8220472440944881
36047052800,0.4656796769851952
36047052900,0.5576354679802955
36047053000,0.5321100917431192
36047053101,0.8435483870967742
36047053102,0.7816733067729084
36047053200,0.5821325648414986
36047053300,0.1786941580756014
36047053400,0.5407876230661041
36047053500,0.5841956726246472
36047053700,0.5972396486825595
36047053800,0.8414376321353065
36047053900,0.884453781512605
36047054200,0.7213017751479289
36047054400,0.458980044345898
36047054500,0.919323101141283
36047054600,0.8555226824457594
36047054700,0.9234909650134564
36047054800,0.44715447154471544
36047054900,0.8926365795724466
36047055000,0.7846454131424854
36047055100,0.7928248222365869
36047055200,0.8287007110536522
36047055300,0.7121116043119848
36047055400,0.7325125909345271
36047055500,0.9705882352941176
36047055600,0.5935977731384829
36047055700,0.7137440758293838
36047055800,0.46254681647940077
36047056000,0.7338262476894639
36047056100,0.5457446808510638
36047056200,0.01331114808652245
36047056301,0.7136967475950526
36047056302,0.9014830508474576
36047056400,0.32304900181488205
36047056500,0.6490727532097005
36047056600,0.5047120418848168
36047056800,0.009419152276295084
36047056900,0.3978260869565218
36047057000,0.7504509921828022
36047057100,0.5726975222066386
36047057200,0.9800884955752213
36047057300,0.3411927877947295
36047057400,0.0
36047057500,0.7633495145631068
36047057600,0.13533834586466165
36047057800,0.5948345439870864
36047057901,0.6840148698884758
36047058000,0.5336463223787167
36047058200,0.398068669527897
36047058400,0.6096401900882553
36047058600,0.1833150384193194
36047058800,0.559500328731098
36047058901,0.4343786295005807
36047059000,0.07427785419532329
36047059100,0.6663438256658596
36047059200,0.6152993348115299
36047059300,0.4068479355488419
36047059402,0.1890909090909091
36047059403,0.4061331338818249
36047059404,0.4162790697674419
36047059600,0.6715092816787732
36047059800,0.24824191279887486
36047060000,0.4631427544048903
36047060600,0.8096234309623431
36047060800,0.718682505399568
36047061002,0.9751338944146901
36047061003,0.40993788819875776
36047061004,0.8069036226930963
36047061200,0.2360801781737194
36047061600,0.006968641114982632
36047062000,0.09610027855153203
36047062200,0.5882352941176471
36047062600,0.4473684210526315
36047062800,0.005319148936170248
36047063200,0.4823008849557522
36047063600,0.010683760683760646
36047063800,0.05114401076716013
36047064000,0.011513157894736836
36047064200,0.574468085106383
36047064400,0.026682134570765625
36047064600,0.0
36047064800,0.031654676258992764
36047065000,0.5027027027027027
36047065200,0.0
36047065400,0.04038461538461535
36047065600,0.04405286343612336
36047065800,0.0053547523427041055
36047066000,0.07277628032345018
36047066200,0.008012820512820484
36047067000,0.0
36047067200,0.0
36047067400,0.0
36047067600,0.0
36047067800,0.0
36047068000,0.01859799713876964
36047068200,0.0
36047068600,0.03328894806924099
36047068800,0.0
36047069000,0.009287925696594423
36047069200,0.0032715376226826187
36047069601,0.04556354916067151
36047069602,0.08109280138768427
36047069800,0.05579399141630903
36047070000,0.24242424242424243
36047070201,0.0
36047070202,1.0
36047070601,0.0
36047072000,0.0
36047072200,0.004251700680272141
36047072400,0.0
36047072600,0.009722222222222188
36047072800,0.46335697399527187
36047073000,0.017857142857142905
36047073200,0.10211706102117057
36047073400,0.0505050505050505
36047073600,0.43054427294882214
36047073800,0.34546805349182763
36047074000,0.33391455972101136
36047074200,0.3032454361054767
36047074400,0.14080000000000004
36047074600,0.33793103448275863
36047074800,0.48633879781420764
36047075000,0.3455284552845529
36047075200,0.047770700636942665
36047075400,0.016460905349794275
36047075600,0.5190651906519066
36047075800,0.49927431059506533
36047076000,0.7960413080895008
36047076200,0.819841752891053
36047076400,0.9050517346317711
36047076600,0.7253886010362695
36047076800,0.4742900997697621
36047077000,0.6705490848585691
36047077200,0.5107794361525705
36047077400,0.8835249042145594
36047077600,0.6178776790381599
36047078000,0.15706051873198845
36047078200,0.668396770472895
36047078400,0.17249154453213078
36047078601,0.6499535747446611
36047078602,0.6504424778761062
36047078801,0.5640176600441501
36047078802,0.8341880341880342
36047079001,0.44999999999999996
36047079002,0.6356435643564357
36047079201,0.5119236883942766
36047079202,0.604494382022472
36047079400,0.46944444444444444
36047079601,0.8385131017672152
36047079602,0.8664038545773105
36047079801,0.8417222559126744
36047079802,0.9545622460288142
36047080000,0.419047619047619
36047080200,0.7381870781099324
36047080400,0.4058971141781681
36047080600,0.5943262411347519
36047080800,0.9691516709511568
36047081000,0.38493723849372385
36047081400,0.3595505617977528
36047081600,0.4695009242144177
36047081800,0.7824074074074074
36047082000,0.8875832354093224
36047082200,0.8968156766687079
36047082400,0.5075308078502967
36047082600,0.5782057303898545
36047082800,0.468978102189781
36047083000,0.7008613938919342
36047083200,0.1208133971291866
36047083400,0.04367469879518071
36047083600,0.006596306068601621
36047083800,0.0
36047084000,0.13163972286374137
36047084600,0.03968253968253965
36047084800,0.03883495145631066
36047085000,0.0217821782178218
36047085200,0.0
36047085400,0.1574178935447339
36047085600,0.5095975232198142
36047085800,0.2603062426383981
36047086000,0.34725274725274724
36047086200,0.4918639053254438
36047086400,0.06785317018909898
36047086600,0.38241601143674053
36047086800,0.40974967061923584
36047087000,0.29141104294478526
36047087200,0.3144286905754796
36047087401,0.5476613380698638
36047087600,0.4545454545454546
36047087800,0.5895795246800731
36047088001,0.6322815533980582
36047088002,0.1859956236323851
36047088200,0.5616388687454678
36047088400,0.17890586495810745
36047088600,0.67822265625
36047088800,0.5067527891955372
36047089000,0.42771325590708853
36047089200,0.6904611497157296
36047089400,0.14177852348993292
36047089600,0.6331236897274632
36047089800,0.1552941176470588
36047090000,0.5782383419689119
36047090200,0.5711297071129707
36047090600,0.8666312433581297
36047090800,0.9363177805800756
36047091000,0.9858724704085529
36047091200,0.9760729206228637
36047091600,0.5667928610059492
36047091800,0.6094420600858369
36047092000,0.5206402695871946
36047092200,0.6347826086956522
36047092400,0.2840579710144927
36047092800,0.135042735042735
36047093000,0.018181818181818188
36047093200,0.016997167138810165
36047093400,0.10238305383936452
36047093600,0.11330698287220031
36047093800,0.3434535104364327
36047094401,0.21725490196078434
36047094402,0.9691497366440933
36047094600,0.12485136741973846
36047095000,0.028598665395614842
36047095400,0.030588235294117694
36047095600,0.07633098139833228
36047095800,0.010886469673405896
36047096200,0.0
36047096400,0.021493212669683293
36047096600,0.054958183990442055
36047096800,0.027253668763102756
36047097000,0.10733844468784226
36047097400,0.014833127317676165
36047098200,0.9762299613045882
36047098400,0.0058651026392961825
36047098600,0.05987488829311882
36047098800,0.14917606244579362
36047099000,0.0
36047099200,0.0013245033112583293
36047099400,0.005780346820809301
36047099600,0.017602682313495377
36047099800,0.007590132827324458
36047100400,0.0
36047100600,0.014271151885830835
36047100800,0.0
36047101000,0.12651265126512656
36047101200,0.0
36047101400,0.0044543429844098315
36047101600,0.07761732851985559
36047101800,0.39135514018691586
36047102000,0.0
36047102200,0.03424657534246578
36047102400,0.03402366863905326
36047102600,0.0
36047102801,0.01773049645390068
36047103401,0.9619596541786744
36047105801,0.978021978021978
36047105804,0.9273066169617894
36047107001,0.532197977647685
36047107800,0.5330578512396694
36047109800,0.06976744186046513
36047110400,0.2698497854077253
36047110600,0.9667590027700831
36047111000,0.9528118939883645
36047111600,0.09833465503568595
36047111800,0.0806010928961749
36047112000,0.24054462934947052
36047112200,0.32781456953642385
36047112400,0.2152777777777778
36047112600,0.5411428571428571
36047112800,0.12917181705809644
36047113000,0.38163972286374137
36047113200,0.28795180722891567
36047113400,0.9128397375820057
36047114201,0.0835866261398176
36047114202,0.41222114451988356
36047114400,0.4221967963386728
36047114600,0.18221734357848518
36047115000,0.15440414507772016
36047115200,0.4885301614273577
36047115600,0.643947655398037
36047115800,0.1845536609829489
36047116000,0.2907444668008048
36047116200,0.14541622760800843
36047116400,0.11778290993071594
36047116600,0.19485903814262018
36047116800,0.07930107526881724
36047117000,0.28214285714285714
36047117201,0.11386138613861385
36047117202,0.3000623830318153
36047117400,0.09638554216867468
36047117601,0.20604914933837426
36047117602,0.19237435008665515
36047117800,0.01490066225165565
36047118201,0.16119691119691115
36047118202,0.12384473197781887
36047118400,0.04878048780487809
36047118600,0.0565610859728507
36047118800,0.3038714390065741
36047119000,0.5371900826446281
36047119200,0.22533136966126655
36047119400,0.1554993678887484
36047119600,0.3494081543182814
36047119800,0.24190938511326865
36047120000,0.271010387157696
36047120200,0.07836456558773419
36047120801,0.03074027603513174
36047120802,0.9779785431959345
36047120803,0.24451410658307215
36047121000,0.9840613931523022
36047121400,0.9824671258609894
36047122000,0.3900199600798403
36047123700,0.8223383409536251
36047150200,0.15335753176043554
36047152200,0.5207308503162333
36061000201,0.9519832985386222
36061000202,0.9901352874859075
36061000600,0.9853377552801537
36061000700,0.9726717557251908
36061000800,0.9759442446043165
36061000900,0.8964896489648965
36061001001,0.9849624060150376
36061001002,1.0
36061001200,0.9863547758284601
36061001300,0.9705033664636101
36061001401,0.9561883899233297
36061001402,0.9763406940063092
36061001501,0.9794919599161035
36061001502,0.978781512605042
36061001600,0.9354346720894764
36061001800,0.9413763806287171
36061002000,0.9861509073543457
36061002100,0.9647314161692893
36061002201,0.992872637124264
36061002202,0.9817123857024106
36061002400,0.9861554845580405
36061002500,0.9737363726461843
36061002601,0.9558969276511398
36061002602,0.9061338289962826
36061002700,0.9423076923076923
36061002800,0.966903073286052
36061002901,0.8390804597701149
36061002902,0.9512578616352201
36061003001,0.9625049860390905
36061003002,0.961257720381808
36061003100,0.9951171875
36061003200,0.9538065027755749
36061003300,0.9308393586922351
36061003400,0.966275659824047
36061003601,0.9532127261384903
36061003602,0.8493475682087782
36061003700,0.8958847736625515
36061003800,0.9654024051803886
36061003900,0.9316837009144702
36061004001,0.9568697198755002
36061004002,0.9713390058217645
36061004100,0.929614181438999
36061004200,0.955256064690027
36061004300,0.9493934142114385
36061004400,0.9861646631889317
36061004500,0.8470209339774557
36061004700,0.9022118742724098
36061004800,0.9161629434954008
36061004900,0.8812949640287769
36061005000,0.9491766042021579
36061005200,0.9474585950885208
36061005400,0.9419578400231013
36061005501,0.9720646006110869
36061005502,0.9250585480093677
36061005600,0.9895251396648045
36061005700,0.9620034542314335
36061005800,0.9237037037037037
36061005900,0.9577942082563154
36061006000,0.9914529914529915
36061006100,0.9717474712242763
36061006200,0.9779546846295162
36061006300,0.9300162752848175
36061006400,0.9353323699421965
36061006500,0.981203007518797
36061006600,0.9587080948487327
36061006700,0.9605937921727395
36061006800,0.9042627533193571
36061006900,0.9180440771349863
36061007001,0.9433756805807623
36061007002,0.9558938329430132
36061007100,0.9419232847109671
36061007200,0.9741719242902208
36061007300,0.8554859661331478
36061007400,0.9902214552775381
36061007500,0.9246323529411765
36061007600,0.9669987546699875
36061007700,0.9102781136638453
36061007800,0.981785392245266
36061007900,0.8272873194221508
36061008000,0.9363422906339682
36061008100,0.9277746265834751
36061008200,0.9880573248407644
36061008300,0.9726027397260274
36061008400,0.9422259983007647
36061008601,0.9890632429862102
36061008603,0.9798119469026548
36061008700,0.9105067985166873
36061008800,0.9849081364829396
36061008900,0.8401716277822473
36061009000,0.9842558833278091
36061009100,0.8945514325974636
36061009200,0.9446254071661238
36061009300,0.9469207749251851
36061009400,0.9322033898305084
36061009500,0.9530944625407166
36061009600,0.8932038834951457
36061009700,0.9608809993425378
36061009800,0.962018544935806
36061009901,0.903448275862069
36061009902,0.9625228519195612
36061009903,1.0
36061010000,0.9954007884362681
36061010100,0.9874015748031496
36061010200,0.9442724458204335
36061010300,0.9611510791366906
36061010400,0.9603399433427762
36061010601,0.9671835557158313
36061010602,0.9868519909842224
36061010801,0.9779549718574109
36061010802,0.9770540340488527
36061010803,1.0
36061010900,0.962962962962963
36061011000,0.9166503235928614
36061011100,0.9933311103701233
36061011201,0.9821802935010482
36061011202,0.9833055091819699
36061011203,1.0
36061011300,0.9464285714285714
36061011401,0.9137055837563451
36061011402,0.9522357723577236
36061011500,0.9299913569576491
36061011600,1.0
36061011700,0.9791388071676919
36061011800,0.9521759188067046
36061011900,0.9932716568544996
36061012000,0.92301800076599
36061012101,0.9537487828627069
36061012102,0.964394993045897
36061012200,0.9637991436356559
36061012400,0.9961650559901826
36061012500,0.9809384164222874
36061012601,0.9194924069065945
36061012602,0.964245810055866
36061012700,0.9821503569928601
36061012800,0.9413481953290871
36061012901,0.9907825432656132
36061012902,0.9018987341772152
36061013000,0.9394782608695652
36061013100,0.9788948580199539
36061013201,0.9452319587628866
36061013202,0.9149618933012434
36061013203,0.9746100834240116
36061013300,0.9715302491103203
36061013400,0.9758599124452783
36061013501,0.9827205882352941
36061013502,0.9830328738069989
36061013601,0.9758919961427194
36061013602,0.9542203147353362
36061013603,1.0
36061013604,0.9699361142427658
36061013700,0.9297411516111992
36061013800,0.9484057243283956
36061013900,0.967248322147651
36061014000,0.9054083643529669
36061014200,0.8763564616902335
36061014401,0.9831516352824579
36061014402,0.9883040935672515
36061014500,1.0
36061014601,0.9881188118811881
36061014602,0.9761146496815286
36061014700,0.9893617021276596
36061014801,0.9660074165636588
36061014802,0.998
36061014900,0.9456046624575036
36061015001,0.9515625
36061015002,0.9915052667346246
36061015101,1.0
36061015102,0.9902148479047012
36061015200,0.9895261845386534
36061015301,0.9877389109267941
36061015302,1.0
36061015401,0.914269757051103
36061015402,0.9495345418912298
36061015403,0.936247723132969
36061015501,0.9841031793641272
36061015502,1.0
36061015601,0.9949574535140245
36061015602,0.9923312883435583
36061015700,0.9743899492631071
36061015801,0.9616677874915938
36061015802,0.9863829787234043
36061015900,0.9833255415303102
36061016001,0.9587155963302753
36061016002,0.9634146341463414
36061016100,0.9300911854103343
36061016200,0.9938111399480934
36061016300,0.9580064605445316
36061016400,0.9953703703703703
36061016500,0.9197874493927125
36061016600,0.9215745192307693
36061016700,0.9735990037359901
36061016800,0.975937066173068
36061016900,0.9357101110461719
36061017000,0.99193772588268
36061017100,0.9553230026162206
36061017200,0.8499068901303538
36061017300,0.942242355605889
36061017401,0.9803149606299213
36061017402,0.9933166248955723
36061017500,0.9539496989018774
36061017700,0.9290546717864326
36061017800,0.7999102736653207
36061017900,1.0
36061018000,0.9476678043230944
36061018100,0.9666323377960865
36061018200,0.9353186039065001
36061018300,0.9526688907422852
36061018400,0.9221092077087795
36061018500,1.0
36061018600,0.9850746268656716
36061018700,0.9387853859182193
36061018800,0.7761355443403029
36061018900,0.9746115953012505
36061019000,0.9092872570194385
36061019100,0.9932831263993487
36061019200,0.9510774606872452
36061019300,0.9362745098039216
36061019400,0.9244264507422402
36061019500,0.9874509803921568
36061019600,0.9745287824758023
36061019701,0.9822866344605475
36061019702,0.9347653142402546
36061019800,0.7107887579329102
36061019900,0.9831072434092655
36061020000,0.6670241286863271
36061020101,0.9939759036144579
36061020102,0.9728289824187534
36061020300,0.9574036511156186
36061020500,0.991182953710507
36061020600,0.796131730266597
36061020701,0.9965010496850945
36061020800,0.694104134762634
36061020901,0.9598470363288719
36061021000,0.963758389261745
36061021100,0.9425655393235941
36061021200,0.9817094618360886
36061021303,0.9592307692307692
36061021400,0.9859154929577465
36061021500,0.9798515376458112
36061021600,0.91001831022757
36061021800,0.8971797884841363
36061021900,0.9956933677863911
36061022000,0.7006408300274641
36061022102,0.7415406767458603
36061022200,0.789505068574836
36061022301,0.9443846429852888
36061022302,0.9892541087231352
36061022400,0.9230769230769231
36061022500,0.9725794710021839
36061022600,0.6944094157208911
36061022700,0.7813257881972514
36061022800,0.7267141009055628
36061022900,0.9281472684085511
36061023000,0.9344039809997738
36061023100,0.900234348844995
36061023200,1.0
36061023300,0.8801108801108801
36061023400,0.9713099282748207
36061023501,0.9603924418604651
36061023502,0.9763617677286742
36061023600,0.9548275006205014
36061023700,0.8977732793522267
36061023802,0.9692519504359798
36061023803,0.9843276036400405
36061023804,0.9948600799543118
36061023900,0.9703196347031964
36061024100,0.9516354487000279
36061024200,0.9823766364551862
36061024301,0.896388395500296
36061024302,0.9768258426966292
36061024500,0.950210970464135
36061024700,0.9809800128949066
36061024900,0.8844036697247706
36061025100,0.9787018255578094
36061025300,0.9950517318938371
36061025500,0.9848353552859619
36061025700,0.877886323268206
36061025900,0.9517497348886532
36061026100,0.9800371402042711
36061026300,0.9643782383419689
36061026500,0.98504206918043
36061026700,1.0
36061026900,0.9108236895847516
36061027100,0.9758818209225204
36061027300,0.9904541509979751
36061027500,0.9794483504597079
36061027700,0.9738789725729212
36061027900,0.9765467947286129
36061028100,0.9730263157894736
36061028300,0.9892908827785818
36061028500,0.9787158566867683
36061028700,0.9864130434782609
36061029100,0.9965075669383003
36061029300,0.9744064138143694
36061029500,0.9810413129598189
36061029900,0.9938385705483672
36061030300,0.983358547655068
36061030700,0.9284603421461898
36061030900,0.9089784813257482
36061031703,0.9920138888888889
36061031704,1.0
36081000101,0.9996281145407214
36081000102,0.9849047265528335
36081000104,0.0
36081000200,0.054662379421221874
36081000400,0.05445935280189429
36081000600,0.01388888888888884
36081000701,0.7655210643015521
36081000702,0.7825497287522604
36081000800,0.006054490413723523
36081001000,0.014414414414414378
36081001200,0.3651162790697674
36081001400,0.36421219319081555
36081001600,0.21339950372208438
36081001800,0.2301845819761129
36081001901,0.9555774925962488
36081001902,0.9772058823529411
36081001903,0.9514754098360656
36081002000,0.03200000000000003
36081002200,0.2506925207756233
36081002400,0.44397163120567373
36081002500,0.9851716961498439
36081002600,0.14117647058823535
36081002800,0.14913007456503724
36081003000,0.02714932126696834
36081003100,0.7526987242394505
36081003200,0.012367491166077715
36081003301,0.9851055026892842
36081003302,0.646112600536193
36081003400,0.052980132450331174
36081003600,0.008744038155802825
36081003700,1.0
36081003800,0.09001406469760898
36081003900,0.48571428571428577
36081004001,0.1541916167664671
36081004002,0.2049910873440285
36081004200,0.09042076991942705
36081004300,0.9744245524296675
36081004401,0.0
36081004500,0.8223529411764706
36081004700,0.8195527821112845
36081005100,0.5938430983118173
36081005200,0.06840796019900497
36081005300,0.644404332129964
36081005400,0.0249609984399376
36081005500,0.6464968152866242
36081005700,0.7820202996616723
36081005800,0.20057443752991866
36081005900,0.5468982630272953
36081006100,0.8091299019607843
36081006201,0.6308805790108565
36081006202,0.05982905982905984
36081006300,0.6716229041442581
36081006501,0.7807511737089202
36081006502,0.7028324531925108
36081006900,0.716581446311176
36081007100,0.7424435930183056
36081007300,0.8727029736050785
36081007500,0.897156213478769
36081007700,0.7151639344262295
36081007900,0.5826730058108822
36081008100,0.5240761478163494
36081008300,0.5911949685534591
36081008500,0.36363636363636365
36081008600,0.0
36081008700,0.926678445229682
36081008800,0.11596385542168675
36081009100,0.6572347266881029
36081009400,0.060377358490566024
36081009500,0.3937867338371117
36081009600,0.07347328244274809
36081009700,0.26855524079320114
36081009800,0.10167130919220058
36081010000,0.0
36081010100,0.19912663755458515
36081010200,0.022532188841201672
36081010300,0.5172749391727494
36081010400,0.06470028544243578
36081010500,0.7922216302610549
36081010600,0.12474645030425968
36081010800,0.06830907054871216
36081011000,0.10216346153846156
36081011100,0.308885754583921
36081011200,0.028901734104046284
36081011300,0.6250624063904144
36081011400,0.03926096997690531
36081011500,0.438985736925515
36081011600,0.022831050228310557
36081011700,0.24672364672364677
36081011800,0.0
36081011900,0.38540332906530095
36081012000,0.0
36081012100,0.16062683643486775
36081012200,0.14580645161290318
36081012301,0.19903248099516235
36081012400,0.28767123287671237
36081012500,0.5878453038674033
36081012601,0.05484693877551017
36081012602,0.17490494296577952
36081012800,0.25617685305591675
36081013000,0.2176386913229018
36081013200,0.3918918918918919
36081013400,0.9267289719626168
36081013500,0.10105580693815985
36081013600,0.7379454926624738
36081013700,0.39618644067796616
36081013800,0.7193911317008603
36081014000,0.5478260869565217
36081014100,0.4783625730994152
36081014201,0.3253402462734932
36081014202,0.034848484848484795
36081014300,0.6395474137931034
36081014400,0.1996497373029772
36081014500,0.23874256584536957
36081014700,0.4188752424046541
36081014800,0.00990099009900991
36081014900,0.5948905109489051
36081015000,0.0
36081015100,0.6159775753328662
36081015200,0.07323568575233019
36081015300,0.33492822966507174
36081015400,0.1095890410958904
36081015500,0.3927522037218414
36081015600,0.0993788819875776
36081015700,0.9396984924623115
36081015801,0.0
36081015802,0.09300341296928327
36081015900,0.6635160680529301
36081016100,0.48631578947368426
36081016300,0.85053581500282
36081016400,0.0
36081016600,0.03976801988400991
36081016800,0.03821656050955413
36081016900,0.7017798764983654
36081017000,0.04761904761904767
36081017102,1.0
36081017200,0.06584992343032159
36081017400,0.0
36081017600,0.08986928104575165
36081017800,0.023183925811437356
36081017901,0.9307359307359307
36081017902,0.0
36081018000,0.04859335038363166
36081018101,0.9437068507700478
36081018102,0.9828571428571429
36081018200,0.0
36081018300,0.8619462025316456
36081018401,0.28913963328631875
36081018402,0.0
36081018501,0.8286189683860233
36081018502,0.9553571428571429
36081018600,0.0
36081018700,0.30906011854360715
36081018800,0.0
36081018900,0.5473948524795982
36081019000,0.0
36081019200,0.0292397660818714
36081019400,0.0
36081019600,0.016036655211912998
36081019800,0.05288007554296503
36081019901,0.3665338645418327
36081019902,0.0
36081020200,0.0
36081020400,0.06535141800246613
36081020500,0.1272321428571429
36081020600,0.09836065573770492
36081020800,0.3042671614100185
36081021200,0.348127600554785
36081021400,0.6313775510204082
36081021601,0.9538365564566438
36081021602,0.5415282392026578
36081021900,0.0
36081022001,0.8710591569252568
36081022002,0.7482919813016901
36081023000,0.06666666666666665
36081023200,0.6325940212150434
36081023501,0.5798319327731092
36081023502,0.7851851851851852
36081023600,0.6692759295499022
36081023800,0.8164518109269491
36081024000,0.8966148215919487
36081024300,0.06546080964685619
36081024500,0.7387429643527205
36081024700,0.36784140969162993
36081024900,0.566857688634193
36081025100,0.638157894736842
36081025301,0.8814328960645812
36081025302,0.793984962406015
36081025401,0.0
36081025402,0.5746869409660107
36081025500,0.4385633270321361
36081025700,0.3208469055374593
36081025800,0.0016750418760469454
36081025900,0.5494978479196557
36081026000,0.37195994277539346
36081026100,0.6738144329896907
36081026200,0.0
36081026300,0.6234190126478989
36081026400,0.20861678004535145
36081026501,0.7586206896551724
36081026502,0.4689507494646681
36081026600,0.6191051995163241
36081026700,0.8378484491558696
36081026901,0.766852195423624
36081026902,0.7184846505551927
36081027000,0.0423572744014733
36081027101,0.7023230686115614
36081027102,0.969061876247505
36081027200,0.036163522012578664
36081027301,0.39850427350427353
36081027302,0.9302631578947369
36081027400,0.0
36081027500,0.6875749101078705
36081027600,0.0
36081027701,0.7888146911519198
36081027702,0.8583865351131748
36081027800,0.6881720430107527
36081027900,0.8106758832565284
36081028000,0.06770833333333337
36081028100,0.8561040949100651
36081028200,0.0
36081028300,0.9755306603773585
36081028400,0.019747235387045814
36081028500,0.8801781737193763
36081028700,0.9639438417358009
36081028801,0.021403091557669396
36081028802,0.019774011299435013
36081028900,0.8657004830917874
36081029100,0.7877376794722546
36081029300,0.13834951456310685
36081029400,0.12950937950937946
36081029500,0.7626236335242061
36081029700,0.08638743455497377
36081030600,0.018493150684931514
36081030903,0.05458422174840083
36081030904,0.17482061317677755
36081030905,0.024355300859598805
36081030906,0.23410013531799734
36081031700,0.27221856484529294
36081032000,0.032161555721765156
36081032700,0.12315270935960587
36081032800,0.02083333333333337
36081032900,0.01770538243626063
36081033000,0.01250558284948633
36081033401,0.13195435092724683
36081033403,0.956078083407276
36081033404,0.9844484629294756
36081033405,0.6935866983372921
36081033700,0.0
36081033900,0.4708423326133909
36081034700,0.02588996763754048
36081035100,0.6796830786644029
36081035200,0.02032085561497321
36081035300,0.1842105263157895
36081035700,0.06051703877790837
36081035800,0.06413994169096215
36081036100,0.059196617336152224
36081036300,0.009308510638297851
36081036500,0.06475409836065571
36081036600,0.017905102954342
36081036700,0.01388888888888884
36081036800,0.0647921760391198
36081037100,0.0
36081037300,0.22058823529411764
36081037501,0.3126843657817109
36081037502,0.5261669024045261
36081037600,0.0
36081037700,0.11284916201117323
36081037900,0.22466960352422904
36081038100,0.29385964912280704
36081038400,0.0
36081039400,0.08877551020408159
36081039800,0.0
36081039901,0.18047882136279925
36081039902,0.9027237354085603
36081040000,0.02226345083487946
36081040101,0.1793548387096774
36081040102,0.199393479909022
36081040200,0.0
36081040301,0.20952380952380956
36081040302,0.6195856873822976
36081040400,0.02887139107611547
36081040501,0.47619047619047616
36081040502,0.2720588235294118
36081040701,0.6089965397923875
36081040702,0.06046511627906981
36081040901,0.08843537414965985
36081040902,0.328735632183908
36081041100,0.016877637130801704
36081041300,0.2504761904761905
36081041400,0.05286911669890393
36081041500,0.22792022792022792
36081042400,0.0
36081042700,0.2789507357645553
36081043200,0.0
36081043400,0.0
36081043701,0.4851258581235698
36081043702,0.5328529037727852
36081043900,0.1981566820276498
36081044000,0.0
36081044301,0.6651162790697674
36081044302,0.4078947368421053
36081044400,0.37817883511074646
36081044601,0.9713375796178344
36081044602,0.7742733457019171
36081044800,0.40341515474919953
36081045000,0.0
36081045200,0.2857142857142857
36081045400,0.6546563192904656
36081045500,0.942134590655808
36081045600,0.0
36081045700,0.1732594936708861
36081045800,0.3834688346883469
36081045900,0.08363309352517989
36081046000,0.845148315736551
36081046100,0.04607721046077207
36081046200,0.588814317673378
36081046300,0.17409240924092406
36081046400,0.46568627450980393
36081046500,0.22262443438914026
36081046600,0.8796736913664174
36081046700,0.6134269416410707
36081046800,0.20456707897240722
36081046901,0.8458445040214477
36081046902,0.7761194029850746
36081047000,0.01907630522088355
36081047100,0.5486331849968213
36081047200,0.4337771548703574
36081047300,0.727076591154261
36081047500,0.32673796791443854
36081047600,0.0
36081047801,0.5275779376498801
36081047802,0.1917808219178082
36081047900,0.25111662531017365
36081048000,0.0
36081048100,0.6941410129096326
36081048200,0.25116279069767444
36081048301,0.33976833976833976
36081048302,0.11982881597717543
36081048400,0.0917630057803468
36081048500,0.5270350564468211
36081048900,0.051146384479717866
36081049201,0.859714928732183
36081049202,0.0
36081049301,0.0
36081049302,0.015252621544327938
36081049500,0.0
36081049600,0.04585152838427953
36081049700,0.06733393994540493
36081049900,0.02003434459072695
36081050000,0.7208357515960534
36081050201,0.0
36081050202,0.0
36081050400,0.22073578595317722
36081050500,0.1342383107088989
36081050600,0.08943089430894313
36081050700,0.16641791044776122
36081050800,0.1698630136986301
36081051000,0.12050739957716705
36081051100,0.03769140164899887
36081051200,0.0
36081051300,0.01098901098901095
36081051500,0.39641744548286606
36081051600,0.0
36081051700,0.1482720178372352
36081051800,0.012195121951219523
36081052000,0.028865979381443307
36081052100,0.024193548387096753
36081052200,0.0
36081052400,0.0
36081052500,0.008235294117647007
36081052600,0.0
36081052800,0.01388888888888884
36081053000,0.02370370370370367
36081053100,0.12944332662642521
36081053200,0.0
36081053401,0.02931596091205213
36081053501,0.15245009074410165
36081053601,0.01976284584980237
36081053800,0.0
36081053901,0.26797787338660106
36081053902,0.6274509803921569
36081054000,0.02859237536656889
36081054200,0.00936768149882905
36081054500,0.5496083550913838
36081054700,0.4255185417976116
36081054800,0.0
36081054900,0.6932409012131715
36081055100,0.7799539170506913
36081055200,0.30516898608349896
36081055300,0.5507246376811594
36081055400,0.3009079118028535
36081055500,0.43084455324357407
36081055600,0.004149377593360981
36081055700,0.3955823293172691
36081055800,0.007012622720897643
36081055900,0.451948051948052
36081056000,0.0444444444444444
36081056100,0.4285714285714286
36081056200,0.0
36081056400,0.2652388797364086
36081056500,0.07654723127035834
36081056600,0.21894736842105267
36081056700,0.005558987029030238
36081056800,0.20888055034396502
36081057700,0.21190320470896007
36081057900,0.47205882352941175
36081058000,0.0
36081058100,0.4120406567630962
36081058200,0.008054522924411445
36081058300,0.16566063044936286
36081058500,0.1440329218106996
36081058700,0.36803713527851456
36081058900,0.5711432850723914
36081059000,0.03482587064676612
36081059100,0.23263598326359836
36081059200,0.0
36081059300,0.2232250300842359
36081059400,0.0
36081059501,0.3055555555555556
36081059502,0.18571428571428572
36081059600,0.0
36081059800,0.025295109612141653
36081059900,0.08629441624365486
36081060000,0.0
36081060100,0.1348314606741573
36081060300,0.05494505494505497
36081060600,0.0
36081060701,1.0
36081060800,0.0
36081061000,0.0
36081061200,0.05893186003683237
36081061301,0.36992263056092844
36081061400,0.0
36081061601,0.04755944931163958
36081061602,0.0
36081061800,0.07755102040816331
36081061900,0.039024390243902474
36081062000,0.013084112149532756
36081062100,0.08945969884853855
36081062200,0.016224188790560423
36081062300,0.02924634420697414
36081062500,0.10674723061430014
36081062600,0.0
36081062700,0.15822222222222226
36081062900,0.23118696664080685
36081063000,0.0
36081063200,0.0
36081063301,0.03539823008849563
36081063302,0.015625
36081063500,0.0047755491881565915
36081063700,0.06534508076358292
36081063800,0.0
36081063900,0.26736441484300666
36081064101,0.8377110694183865
36081064500,0.009580838323353325
36081064600,0.010979729729729715
36081065000,0.019459459459459483
36081065401,0.0
36081065600,0.0
36081065702,0.24566473988439308
36081065703,0.12949039264828743
36081065900,0.05301914580265099
36081066000,0.0
36081066100,0.0
36081066301,0.0029182879377431803
36081066401,0.0
36081066402,0.0
36081066403,0.038817005545286554
36081066501,0.07664453832226914
36081066701,0.0
36081066900,0.010430247718383301
36081067100,0.0
36081067700,0.008032128514056214
36081067900,0.6602972399150744
36081068000,0.0
36081068200,0.05483028720626637
36081068300,0.9062317996505533
36081068700,0.5264650283553876
36081069000,0.011177987962166847
36081069300,0.8581818181818182
36081069400,0.047826086956521685
36081069500,0.4049145299145299
36081069701,0.9047619047619048
36081069702,0.22181372549019607
36081070300,0.3776223776223776
36081070700,0.2301054650047939
36081070900,0.3045375218150087
36081071100,0.7684729064039408
36081071303,0.9809626436781609
36081071304,0.9674177831912302
36081071305,0.9341692789968652
36081071306,0.8665629860031104
36081071701,0.9839939024390244
36081071702,0.9695407685098407
36081071900,0.47778785131459656
36081072100,0.8812341504649197
36081072300,0.2160633484162896
36081072900,0.0
36081073100,0.0
36081073700,0.8939014202172098
36081073900,0.9580006942034016
36081074100,0.907563025210084
36081074300,0.7345744680851064
36081074500,0.8667481662591687
36081074700,0.5983358547655069
36081074900,0.011627906976744207
36081075701,0.9396925502562081
36081075702,0.8353682552185899
36081076901,0.7893692978976596
36081076902,0.8355957767722474
36081077300,0.8353658536585366
36081077500,0.7284060552092608
36081077902,0.021633315305570555
36081077903,0.6845694799658995
36081077904,0.5374607447285779
36081077905,0.4872521246458924
36081077906,0.4649421375085092
36081077907,0.5777972027972028
36081077908,0.9104589917231001
36081078800,0.0
36081079000,0.004449388209121219
36081079200,0.009771986970684043
36081079701,0.9402454780361758
36081079702,0.7258548290341932
36081079900,0.15247018739352636
36081080301,0.08972125435540068
36081080302,0.0
36081080900,0.24836376162590423
36081081400,0.0273972602739726
36081081800,0.023519163763066175
36081083700,0.03318992009834054
36081083800,0.0
36081084000,0.0
36081084500,0.8223955943093162
36081084601,0.02464788732394363
36081084602,0.0
36081084901,0.6211412535079514
36081084902,0.966452533904354
36081085300,0.9723842862699339
36081085500,0.9574468085106383
36081085700,0.8470886075949366
36081085900,0.9393569393569393
36081086100,0.6627218934911243
36081086300,0.9149024491490245
36081086400,0.035573122529644285
36081086500,0.9550561797752809
36081086900,0.692063492063492
36081087100,0.9082167832167832
36081088400,0.03325688073394495
36081088902,0.8599100657212038
36081088903,0.7211538461538461
36081089201,0.006581226186352596
36081090700,0.00910746812386154
36081091603,0.0
36081091800,0.0
36081091900,0.12899728997289972
36081092200,0.06841505131128844
36081092500,0.04959349593495932
36081092800,0.05319148936170215
36081092900,0.07201309328968908
36081093401,0.2371669915529565
36081093402,0.4482758620689655
36081093800,0.8216989066442388
36081093900,0.016819571865443472
36081094201,0.3672922252010724
36081094202,0.5177847816298964
36081094203,0.8338637810311903
36081094500,0.0
36081094700,0.02617801047120416
36081095400,0.14793467819404416
36081096400,0.0
36081097202,0.9532634971796938
36081097204,0.6643571978444958
36081097205,1.0
36081097206,0.6228571428571428
36081097300,0.023485784919653918
36081098100,0.05128205128205132
36081098700,0.13744075829383884
36081099100,0.559463986599665
36081099200,0.5844614479105357
36081099701,0.12873754152823924
36081099703,0.5461413923367513
36081099704,0.7388928486576384
36081099705,0.0568513119533528
36081099801,0.5393700787401574
36081099802,0.7298611111111111
36081100801,0.0
36081100803,0.3990498812351544
36081100804,0.10807291666666663
36081101002,0.48064516129032253
36081101003,0.7513416815742398
36081101004,0.5598066854611357
36081101700,0.046511627906976716
36081102900,0.014362657091561926
36081103201,0.46243654822335023
36081103202,0.6393223361569327
36081103300,0.01912399753238736
36081103900,0.0682445759368836
36081104700,0.3039973127309372
36081105900,0.0
36081107201,0.03182256509161041
36081108500,0.040797824116047154
36081109300,0.0
36081109700,0.0870748299319728
36081109900,0.16249050873196658
36081111300,0.045882352941176485
36081112300,0.29647058823529415
36081112900,0.1843575418994413
36081113300,0.052631578947368474
36081113900,0.16337285902503296
36081114100,0.005353319057815886
36081114700,0.0
36081115100,0.0
36081115500,0.3013513513513514
36081115700,0.5974130962004851
36081115900,0.5873198847262248
36081116100,0.8996062992125984
36081116301,0.8458563535911602
36081116302,0.8474178403755869
36081116700,0.4003091190108191
36081117100,0.26126126126126126
36081117500,0.3403001071811361
36081118100,0.043227665706051854
36081118500,0.28409090909090906
36081118700,0.40961337513061646
36081118900,0.05664488017429192
36081119100,0.1337890625
36081119300,0.18410596026490067
36081119500,0.0
36081119900,0.0
36081120100,0.04148471615720528
36081120300,0.01449275362318836
36081120500,0.4237461617195496
36081120701,0.0
36081121500,0.01018181818181818
36081122300,0.031804733727810675
36081122702,0.8744500846023688
36081122703,0.796316758747698
36081122704,0.7471022128556375
36081124100,0.04183535762483126
36081124700,0.008645533141210415
36081125700,0.35919790758500436
36081126500,0.13169984686064318
36081126700,0.0
36081127700,0.05546075085324231
36081129102,0.173354735152488
36081129103,0.8816848083293894
36081129104,0.12580645161290327
36081130100,0.1145454545454545
36081133300,0.0065919578114700395
36081133900,0.0
36081134100,0.22972972972972971
36081134701,0.7372116349047142
36081134702,0.4798833819241982
36081136700,0.14500406173842406
36081137700,0.07250755287009059
36081138501,0.0
36081139900,0.05149501661129563
36081140300,0.010563380281690127
36081140901,0.037135278514588865
36081140902,0.0
36081141700,0.013690105787181106
36081142900,0.01942446043165469
36081143500,0.0
36081144100,0.34747798238590877
36081144700,0.016791044776119368
36081145101,0.052256532066508266
36081145102,0.01816239316239321
36081145900,0.019685039370078705
36081146300,0.5401987353206865
36081146700,0.5153901216893343
36081147100,0.2930327868852459
36081147900,0.4368983957219251
36081148300,0.029296875
36081150701,0.09491525423728808
36081150702,0.361890694239291
36081152901,0.16437802907915988
36081152902,0.047565118912797244
36081155101,0.9683235867446394
36081155103,0.16176470588235292
36081155104,0.1412639405204461
36081156700,0.12692307692307692
36081157101,0.03400840657241111
36081157102,0.007429420505200568
36081157901,0.061279826464208265
36081157902,0.006201550387596955
36081157903,0.11478117258464082
36081161700,0.014041514041513992
36081162100,0.09927710843373494
36085000300,0.9262899262899262
36085000600,0.47612642905178215
36085000700,0.7638307763830776
36085000800,0.12563276576161986
36085000900,0.30622009569377995
36085001100,0.2014111610006415
36085001700,0.16875871687587174
36085001800,0.7304347826086957
36085002001,0.26016785022595224
36085002002,0.25127458120903134
36085002100,0.5365132967496834
36085002700,0.07984031936127745
36085002900,0.47446904654315414
36085003300,0.25200534759358284
36085003600,0.021442495126705707
36085003900,0.5133394664213431
36085004001,0.15371477369769426
36085004002,0.0069044879171461515
36085004003,0.8192771084337349
36085004004,0.2906602254428341
36085004700,0.29926335174953955
36085005000,0.15860215053763438
36085005901,0.32761437908496727
36085006400,0.3297213622291022
36085006700,0.2070015220700152
36085007001,0.0
36085007002,0.010692177827799632
36085007400,0.2769929364278506
36085007500,0.24904214559386972
36085007700,0.0
36085008100,0.2527254707631318
36085009601,0.17872086072922888
36085009602,0.2142857142857143
36085009701,0.120099564405725
36085009702,0.0
36085010500,0.052238805970149294
36085011201,0.04314329738058553
36085011203,0.04971403431588206
36085011204,0.4482758620689655
36085011401,0.480225988700565
36085011402,0.22172284644194762
36085012100,0.0
36085012200,0.014804845222072704
36085012500,0.0368421052631579
36085012804,0.0
36085012805,0.039663461538461564
36085012806,0.43858921161825726
36085013201,0.014732965009208066
36085013203,0.042759177087535294
36085013204,0.07282051282051283
36085013301,0.9089285714285714
36085013302,0.028892455858748
36085013400,0.02486910994764402
36085013800,0.043749999999999956
36085014100,0.1592760180995475
36085014604,0.05049396267837536
36085014605,0.018055555555555602
36085014606,0.016687526074259496
36085014607,0.1284722222222222
36085014608,0.015082956259426794
36085014700,0.2227101631116688
36085015100,0.12276341948310143
36085015601,0.028010033444816007
36085015602,0.011363636363636354
36085015603,0.05167674546454093
36085016901,0.0062611806797853164
36085017005,0.0
36085017007,0.012919896640826822
36085017009,0.033033033033033066
36085017011,0.029691876750700286
36085017012,0.018256772673733823
36085017013,0.0
36085017014,0.0
36085017015,0.0
36085017016,0.010638297872340385
36085017300,0.5523255813953488
36085017600,0.0036363636363636598
36085017701,0.03984819734345346
36085017702,0.0
36085018100,0.35433070866141736
36085018701,0.06521739130434778
36085018703,0.008258258258258211
36085018704,0.1154144074360961
36085018901,0.015452538631346546
36085018902,0.023230686115613186
36085019700,0.03017832647462282
36085019800,0.019691119691119696
36085020100,0.005540166204986097
36085020701,0.059585492227979264
36085020702,0.3051146384479718
36085020803,0.006149116064565696
36085020804,0.0
36085020805,0.024247491638796026
36085020806,0.0
36085021300,0.035202863961813824
36085022300,0.0255281690140845
36085022601,0.0
36085022602,0.37584803256445043
36085022801,1.0
36085023100,0.04313000616142948
36085023900,0.023725834797891032
36085024401,0.008244422890397618
36085024402,0.0186546071226682
36085024700,0.1958974358974359
36085024800,0.02169076751946608
36085025100,0.0
36085027301,0.07891414141414144
36085027302,0.006442376521116677
36085027702,0.41816367265469057
36085027704,0.051133062173155164
36085027705,0.03698501872659177
36085027706,0.17565217391304344
36085027900,0.08761329305135956
36085029102,0.012287334593572785
36085029104,0.047545419404715905
36085029105,0.05499103407053196
36085029106,0.043269230769230727
36085030301,0.05658582976699955
36085030302,0.011660447761194015
36085031901,0.2806324110671937
36085031902,0.2581168831168831
36085032300,0.25512528473804097
