GEOID,color_ptg
36005000100,0.5730994152046784
36005000200,0.8459958932238193
36005000400,0.8737414096212243
36005001600,0.9107981220657277
36005001901,0.786336542870243
36005001902,0.865108868826341
36005002001,0.8733467832324591
36005002002,0.8217113665389527
36005002300,0.8917844522968198
36005002500,0.8137185395249911
36005002701,0.9469265367316342
36005002702,0.9572
36005002800,0.9105162523900574
36005003100,0.8304025009769441
36005003300,0.8682214105085698
36005003500,0.8273916388817646
36005003700,0.8640483383685801
36005003800,0.6057529610829103
36005003900,0.8668700819013971
36005004001,0.8545067423704755
36005004100,0.8391310952453289
36005004200,0.8211272771732485
36005004300,0.8457437355606895
36005004400,0.9030923344947736
36005004600,0.7816222348269994
36005004800,0.9094109363999061
36005005001,0.9702081051478642
36005005002,0.969532941540365
36005005100,0.8938693776956254
36005005200,0.8990160538581046
36005005300,0.9310280721323666
36005005400,0.9716535433070866
36005005600,0.9640848117697967
36005005902,0.8509189925119128
36005006000,0.7956823438704703
36005006100,0.9069286452947259
36005006200,0.9133022358050507
36005006301,0.7777587681779299
36005006400,0.9070773930753564
36005006500,0.6758485871690065
36005006700,0.9856868821012247
36005006800,0.9261933413557962
36005006900,0.8964596796853048
36005007000,0.8764538640475575
36005007100,0.9101671309192201
36005007200,0.907869170984456
36005007300,0.8582358235823582
36005007400,0.8718671679197995
36005007500,0.7677661169415293
36005007600,0.9213153258954786
36005007700,0.7931671283471837
36005007800,0.8444159589809326
36005007900,0.9374823595822749
36005008300,0.9029555149299208
36005008400,0.8349341871220206
36005008500,0.8550295857988166
36005008600,0.7776486988847584
36005008700,0.9146323199041486
36005008900,0.8623031799938252
36005009000,0.78602383531961
36005009200,0.8388991441517033
36005009301,0.8602447690485591
36005009302,0.8401727861771058
36005009600,0.8284671532846715
36005009800,0.6468716861081654
36005011502,0.9325789721829326
36005011701,0.9960238568588469
36005011800,0.2957916522938945
36005011900,0.9175190777723656
36005012101,0.9206442166910688
36005012102,0.9611069558713538
36005012300,0.9108850457782299
36005012500,0.8771712158808933
36005012701,0.8589430894308943
36005012901,0.8734686414335344
36005013000,0.626782884310618
36005013100,0.7496889257569473
36005013200,0.6694716512622431
36005013300,0.8959920503477973
36005013500,0.83424
36005013800,0.5129673290670259
36005014100,0.9048086359175662
36005014300,0.967930029154519
36005014400,0.8495122341276188
36005014500,0.9030350194552529
36005014701,0.837909654561559
36005014702,0.8740443425076453
36005014900,0.8895668090298963
36005015100,0.9010305269298076
36005015200,0.537509377344336
36005015300,0.9411199230954097
36005015500,0.90927624872579
36005015700,0.9179347826086957
36005015800,0.5023956194387407
36005015900,0.9580703336339044
36005016000,0.27491673071995903
36005016100,0.8525612472160357
36005016200,0.5903614457831325
36005016400,0.4499514091350826
36005016500,0.8818342151675485
36005016600,0.7285891601158461
36005016700,0.9205334815226451
36005016900,0.957233368532207
36005017300,0.8469817501169864
36005017500,0.933616742969261
36005017701,0.9035403858384566
36005017702,0.8972627737226277
36005017901,0.8088697017268446
36005017902,0.8844339622641509
36005018101,0.9474339035769829
36005018102,0.9470016504676325
36005018301,0.802357984994641
36005018302,0.9513586956521739
36005018400,0.5356181150550796
36005018501,0.9320876751706791
36005018502,0.8414634146341463
36005018900,0.8190307328605201
36005019300,0.8717343670992752
36005019400,0.6695652173913044
36005019500,0.9085818283634327
36005019700,0.7939974457215837
36005019900,0.8915421558164355
36005020000,0.8634245187436677
36005020100,0.9074457083764219
36005020200,0.9127230411171451
36005020400,0.8356573705179283
36005020501,0.7700453857791225
36005020502,0.9021113243761996
36005020601,0.899129746835443
36005020900,0.8713786726936511
36005021001,0.9468017732742242
36005021002,0.9438485804416403
36005021100,0.8905552010210593
36005021200,0.9055276381909547
36005021301,0.91005291005291
36005021302,0.9544308054481251
36005021501,0.7997856377277599
36005021502,0.9038076152304609
36005021601,0.872200859534042
36005021602,0.9220416871820122
36005021700,0.899460063302923
36005021800,0.8860361106509855
36005021900,0.8967334035827187
36005022000,0.9444444444444444
36005022101,0.8722875226039783
36005022102,0.8893048998860491
36005022200,0.9171917191719172
36005022300,0.6939599779695245
36005022401,0.8022727272727272
36005022403,0.8605737158105404
36005022404,0.8077163712200208
36005022500,0.8418563730342021
36005022701,0.940935192780968
36005022702,0.8854382332643203
36005022703,0.6375609756097561
36005022800,0.843140699104163
36005022901,0.8602268569337724
36005022902,0.8788917452156526
36005023000,0.6945546339704292
36005023100,0.8453731343283581
36005023200,0.6593776282590412
36005023301,0.9414802065404475
36005023302,0.8905499199145755
36005023501,0.9744990892531876
36005023502,0.827384960718294
36005023600,0.7718786464410735
36005023702,0.9290657439446367
36005023703,0.8103183736095129
36005023704,0.7781333333333333
36005023800,0.6871008939974457
36005023900,0.9192127867782973
36005024000,0.7361748633879781
36005024100,0.825737679592152
36005024300,0.8873962860529435
36005024400,0.6675473359753412
36005024501,0.9375131940046443
36005024502,0.8113308391234634
36005024600,0.5663890249877511
36005024700,0.9367547952306895
36005024800,0.46915484268969776
36005025000,0.4273301737756714
36005025100,0.8657779124375095
36005025200,0.590891089108911
36005025300,0.9537745261057532
36005025400,0.3646353646353646
36005025500,0.9103780068728522
36005025600,0.6502271252433485
36005025700,0.9072463768115941
36005026100,0.9208416833667334
36005026300,0.8482039397450754
36005026400,0.5370309414088216
36005026500,0.8888121546961326
36005026601,0.5253143051308189
36005026602,0.550540489285037
36005026701,0.9105176211453745
36005026702,0.8469945355191257
36005026900,0.7409182643794148
36005027300,0.761808367071525
36005027401,0.269922353902738
36005027402,0.38297266514806383
36005027600,0.631578947368421
36005027700,0.7203617697384502
36005027900,0.7274394237066143
36005028100,0.6372492836676218
36005028300,0.7561391541609823
36005028400,0.5996131528046422
36005028500,0.525283227410887
36005028600,0.4715789473684211
36005028700,0.6138138138138138
36005028800,0.4148706896551724
36005028900,0.6665981500513875
36005029301,0.35177228786251347
36005029302,0.35415525114155255
36005029500,0.5018442178346714
36005029600,0.4666052510363887
36005029700,0.33407462317766246
36005030000,0.5404356908385557
36005030100,0.3465220165922144
36005030201,0.8983532084043158
36005030202,0.9494184973232417
36005030701,0.35248836376655923
36005030900,0.2316114542391915
36005031000,0.6082677165354331
36005031200,0.7408450704225352
36005031400,0.5164884135472371
36005031600,0.6187729417933927
36005031800,0.5722453222453223
36005031900,0.3531694695989651
36005032300,0.2893301331005891
36005032400,0.8540925266903915
36005032600,0.5901492537313433
36005032800,0.8016487634274294
36005033000,0.6119742326638878
36005033201,0.5643407788100415
36005033202,0.8411572052401747
36005033400,0.9736842105263158
36005033500,0.40527577937649883
36005033601,0.9074925074925075
36005033602,0.8699763593380615
36005033700,0.29066147859922176
36005033801,0.8819628647214854
36005033802,0.8933843630399125
36005034000,0.8937275985663082
36005034200,0.8785845027455765
36005034300,0.6566666666666667
36005034400,0.8424485699949824
36005034500,0.5634171907756813
36005034800,0.8625546381738708
36005035000,0.8920210224558051
36005035100,0.485140771637122
36005035600,0.9671981776765376
36005035800,0.8816347513173114
36005035900,0.9036958066808813
36005036000,0.8375314861460957
36005036100,0.8536671368124118
36005036300,0.7866989850022724
36005036400,0.9758939333065488
36005036501,0.8910867492850334
36005036502,0.9473076923076923
36005036700,0.9221311475409836
36005036800,0.9820333041191937
36005036901,0.8521611001964636
36005036902,0.7311379741558983
36005037000,0.9169019766034692
36005037100,0.8877775067089534
36005037200,0.8847173144876325
36005037300,0.9609618988132417
36005037400,0.8895587832282817
36005037504,0.6970976253298153
36005037600,0.8865877712031558
36005037800,0.9188063844552394
36005037900,0.9592092877314089
36005038000,0.9341345042754795
36005038100,0.7549712192569336
36005038200,0.9381729767280306
36005038301,0.9362173038229377
36005038303,0.9436997319034852
36005038304,0.9382600561272217
36005038500,0.9533419737085724
36005038600,0.9810518644479533
36005038700,0.8761801996223362
36005038800,0.8948432760364005
36005038900,0.8384191176470588
36005039000,0.9512360311547579
36005039100,0.8352581049116461
36005039200,0.9368600682593857
36005039300,0.8867250518552662
36005039400,0.8794710600476913
36005039500,0.8747008918860126
36005039600,0.8772889417360286
36005039700,0.3656854945637762
36005039800,0.9768542872172541
36005039901,0.933203125
36005039902,0.9384505278225085
36005040100,0.9327589829796176
36005040302,0.9636252794147531
36005040303,0.8510836634817058
36005040304,0.8794476898566118
36005040400,0.9851963746223565
36005040501,0.9780084012849024
36005040502,0.936267071320182
36005040600,0.9318302387267905
36005040701,0.7322422258592471
36005040702,0.9209480556344025
36005040800,0.8465457509680049
36005040900,0.8364161849710983
36005041100,0.8582089552238806
36005041300,0.8272594752186588
36005041400,0.8455183808343659
36005041500,0.8745334992002843
36005041800,0.8255963067453194
36005041900,0.8490506329113924
36005042000,0.85828025477707
36005042100,0.7139299057107276
36005042200,0.9723776223776224
36005042300,0.7536200561919171
36005042400,0.837061894108874
36005042500,0.6283531409168082
36005042600,0.9504675628287551
36005042800,0.945382323733863
36005042901,0.797244094488189
36005042902,0.8570368538214197
36005043000,0.9442242355605889
36005043101,0.8106848332735748
36005043102,0.8126654898499559
36005043400,0.9419665484034465
36005043501,0.7987072945521699
36005043503,0.5625
36005043600,0.9301956636700158
36005044200,0.9901190777805928
36005044400,0.897424511545293
36005044800,0.9449385853451927
36005044901,0.22644628099173558
36005044902,0.2702702702702703
36005045101,0.14665801427644387
36005045102,0.22545633941785892
36005045600,0.7467310972143264
36005045800,0.9552210724365005
36005046000,0.9350127783862724
36005046203,0.8539036330842567
36005046204,0.9503316365879994
36005046205,0.8427091043671354
36005046206,0.9198827552515877
36005046207,0.9428871233698096
36005046208,0.9319715484223965
36005046209,0.9826822392267418
36005048401,0.9428571428571428
36005051601,0.23275862068965514
36047000100,0.31865701648572575
36047000200,0.6726495726495727
36047000301,0.11732807493221598
36047000501,0.28993682310469315
36047000502,0.19142033165104544
36047000700,0.2415355269432523
36047000900,0.28662814692529925
36047001100,0.43132220795892173
36047001300,0.3579908675799087
36047001501,0.6693037974683544
36047001502,0.6138836772983114
36047001801,0.5078031212484995
36047001803,0.0
36047002000,0.7914691943127963
36047002100,0.25479959582350964
36047002200,0.5963541666666667
36047002300,0.9495652173913044
36047002901,0.9378459989934574
36047003000,0.35903337169159955
36047003101,0.5347415230683713
36047003300,0.6146525011066843
36047003400,0.3592260235558048
36047003500,0.46991795806745673
36047003600,0.34968354430379744
36047003700,0.4487148102815177
36047003800,0.380449141347424
36047003900,0.42726912405866035
36047004100,0.22322206095790997
36047004300,0.37268041237113403
36047004400,0.1330982811811371
36047004500,0.27217391304347827
36047004600,0.11057304277643265
36047004700,0.42906746031746035
36047004900,0.3036280380415639
36047005000,0.20423412204234126
36047005100,0.26063639613872003
36047005201,0.29166666666666663
36047005202,0.1283783783783784
36047005301,0.29209183673469385
36047005302,0.4838709677419355
36047005400,0.2838589981447124
36047005601,0.3507267983600447
36047005602,0.21156069364161845
36047005800,0.26564537157757495
36047005900,0.38223632038065025
36047006000,0.37549527583053943
36047006200,0.3341883473799927
36047006300,0.2217003287928605
36047006400,0.2508833922261484
36047006500,0.1757819325528569
36047006600,0.3759920634920635
36047006700,0.14717542120911797
36047006800,0.48398311398063076
36047006901,0.15146579804560256
36047006902,0.24715768660405335
36047007000,0.4177263969171484
36047007100,0.7020725388601037
36047007200,0.8149804359977642
36047007400,0.743166489172879
36047007500,0.23104093081238308
36047007600,0.7025809094633346
36047007700,0.1924100017733641
36047007800,0.6411198600174979
36047008000,0.5161381653454133
36047008200,0.7550693703308431
36047008400,0.670807453416149
36047008500,0.9080490764460024
36047008800,0.6618705035971223
36047009001,0.6959818043972706
36047009002,0.8462633451957295
36047009201,0.8374384236453202
36047009202,0.696528555431131
36047009401,0.8948081264108352
36047009402,0.7975300617484563
36047009600,0.7599735143188213
36047009800,0.9381908086096568
36047010000,0.8769919427036705
36047010100,0.5180695333943275
36047010200,0.9031075082030496
36047010401,0.9152784388386482
36047010402,0.8723603941811356
36047010601,0.9665236051502146
36047010602,0.9436307146027518
36047010801,0.8934725848563969
36047010802,0.9452166802943581
36047011000,0.5738987237546316
36047011200,0.5500082932492951
36047011400,0.4593264248704664
36047011600,0.9394299287410927
36047011700,0.5342876165113182
36047011800,0.9019933554817275
36047011901,0.3689727463312369
36047012000,0.9696223316912972
36047012100,0.27854582693292373
36047012200,0.8707312367354814
36047012600,0.6531531531531531
36047012700,0.6052769070010449
36047012801,0.676923076923077
36047012901,0.3775822494261668
36047012902,0.4515706806282722
36047013000,0.4376641745807234
36047013100,0.3482267523038257
36047013200,0.5508064516129032
36047013300,0.2326765552357759
36047013400,0.35459359889477315
36047013500,0.2943538268506901
36047013600,0.3244399697961239
36047013700,0.3119319847552038
36047013800,0.32670299727520435
36047013900,0.32063305978898005
36047014000,0.2381212452211906
36047014101,0.44227504244482174
36047014102,0.3900277008310249
36047014200,0.4473684210526315
36047014300,0.44487377640391546
36047014500,0.3024959926723151
36047014700,0.27745424292845255
36047014800,0.28202995008319465
36047014901,0.21472019464720193
36047014902,0.2732163742690058
36047015000,0.2910578609000585
36047015100,0.16220776090624245
36047015200,0.434040940106141
36047015300,0.27145557655954633
36047015500,0.22231248307608986
36047015700,0.2996397117694155
36047015900,0.2607033639143731
36047016000,0.4484032152943732
36047016100,0.34432823813354785
36047016200,0.4473569244211446
36047016300,0.3244255744255744
36047016400,0.39217652958876625
36047016500,0.2539332913782253
36047016600,0.21475409836065573
36047016700,0.25462573591253157
36047016800,0.3355325164938737
36047016900,0.14782608695652177
36047017000,0.5320456540825285
36047017100,0.18918286115663774
36047017200,0.5910264686894771
36047017400,0.5159180113388574
36047017600,0.38714991762767714
36047017800,0.5718349928876245
36047017900,0.6707938820101966
36047018000,0.4613672496025437
36047018100,0.34109487243002234
36047018200,0.7061824729891957
36047018300,0.36847865742429775
36047018400,0.5577651515151515
36047018501,0.8278021289918598
36047018600,0.4940898345153665
36047018700,0.5116438356164383
36047018800,0.48692012556679454
36047019000,0.722800173385349
36047019100,0.4856241234221599
36047019200,0.6339541547277937
36047019300,0.5694492552823
36047019400,0.7821530644649095
36047019500,0.4845978322875071
36047019600,0.6338493292053664
36047019700,0.42146739130434785
36047019800,0.5619834710743802
36047019900,0.4930206588498046
36047020000,0.6027753686036427
36047020100,0.4898918664786084
36047020200,0.4623595505617978
36047020300,0.38988818667963054
36047020400,0.36916395222584153
36047020500,0.3642756680731364
36047020600,0.2941176470588235
36047020700,0.2847435335379219
36047020800,0.5946632782719187
36047021000,0.7070032170254887
36047021100,0.6996927803379416
36047021200,0.7659307576517812
36047021300,0.7823655913978494
36047021400,0.4522417153996101
36047021500,0.4923511805786498
36047021600,0.23254645906579607
36047021700,0.5944860813704497
36047021800,0.16408566721581552
36047021900,0.6540205201622524
36047022000,0.17759069953898576
36047022100,0.6302997569538212
36047022200,0.2076030609725994
36047022400,0.16937765205091937
36047022600,0.45929526123936815
36047022700,0.5591743119266055
36047022800,0.34829295154185025
36047022900,0.4558739255014327
36047023000,0.24534527456987976
36047023100,0.47856115107913666
36047023200,0.06649018997197131
36047023300,0.5883301568684944
36047023400,0.0957345971563981
36047023500,0.19795485240208377
36047023600,0.07663197729422899
36047023800,0.08196028728348115
36047024000,0.12165289256198342
36047024100,0.32501708817498287
36047024200,0.15534979423868311
36047024300,0.6900951055439573
36047024400,0.2694077055779184
36047024500,0.7127896613190731
36047024600,0.5314685314685315
36047024700,0.7062345896442409
36047024800,0.48810004033884635
36047024900,0.5526721479958889
36047025000,0.9082943925233645
36047025100,0.7364130434782609
36047025200,0.5999604508601938
36047025300,0.5042231891476836
36047025400,0.5850556438791733
36047025500,0.8522851919561243
36047025600,0.7603993344425957
36047025700,0.593015214384509
36047025800,0.554017965525613
36047025901,0.5601679104477613
36047025902,0.9277620396600567
36047026000,0.6646341463414633
36047026100,0.7361918604651163
36047026200,0.7526566507878344
36047026300,0.8100310696848646
36047026400,0.6303413972416911
36047026500,0.7960353475041796
36047026600,0.6076158940397351
36047026700,0.6251861306105084
36047026800,0.4776279169342753
36047026900,0.5924950625411455
36047027000,0.42384105960264906
36047027100,0.7996219281663516
36047027200,0.5050251256281407
36047027300,0.8333333333333334
36047027400,0.6261953057084904
36047027500,0.835356762513312
36047027600,0.6457219251336899
36047027700,0.8425440686040973
36047027800,0.573943661971831
36047027900,0.6911883589329022
36047028000,0.5678336980306345
36047028100,0.8441108545034642
36047028200,0.5485122897800776
36047028300,0.7528554070473876
36047028400,0.5649038461538461
36047028501,0.522875816993464
36047028502,0.9794262532599246
36047028600,0.6170937108045154
36047028700,0.6781973976515392
36047028800,0.6587301587301587
36047028900,0.8023382272974442
36047029000,0.3972772277227723
36047029100,0.8046679633231453
36047029200,0.5760029444239971
36047029300,0.8745800671892497
36047029400,0.5647468109779668
36047029500,0.7334444973797046
36047029600,0.47647926569414845
36047029700,0.8323809523809524
36047029800,0.5285680133875209
36047029900,0.7936384794414275
36047030000,0.7256595844034555
36047030100,0.8203026481715007
36047030200,0.6749753208292202
36047030300,0.9241533157574529
36047030400,0.6351807228915662
36047030500,0.5900496178087703
36047030600,0.5287179487179487
36047030700,0.8669207559155153
36047030800,0.525984251968504
36047030900,0.9198801946836391
36047031100,0.7985840707964602
36047031300,0.8132172536604669
36047031401,0.4491671453187823
36047031500,0.5545522949586155
36047031701,0.7365072400175516
36047031702,0.5959673302705462
36047031900,0.48346456692913387
36047032100,0.7695433436532508
36047032300,0.7576781326781327
36047032500,0.8007844419022716
36047032600,0.8431565967940814
36047032700,0.6911053219203573
36047032800,0.8707576276996914
36047032900,0.6650091165257749
36047033000,0.7320904901550063
36047033100,0.5455629770992366
36047033300,0.312161599333611
36047033500,0.44458242781744794
36047033600,0.3042323021446195
36047033701,0.5328413284132841
36047033702,0.26857142857142857
36047033900,0.7840531561461794
36047034000,0.5688073394495412
36047034100,0.8070879304580407
36047034200,0.6910170749814402
36047034300,0.8967414303851037
36047034500,0.6708004509582863
36047034700,0.8858695652173914
36047034800,0.788438378161381
36047034901,0.9168336673346693
36047034902,0.8273112384749564
36047035000,0.003170577045022216
36047035101,0.8541114058355438
36047035102,0.6819754639823844
36047035200,0.30090340514246006
36047035301,0.7884615384615384
36047035302,0.7542372881355932
36047035400,0.04921009624114758
36047035500,0.783755640402638
36047035601,0.038532110091743066
36047035602,0.15630975143403447
36047035701,0.9584313725490197
36047035900,0.9112126652521626
36047036001,0.13867438867438864
36047036002,0.13260819254802125
36047036100,0.9309090909090909
36047036200,0.5196891191709845
36047036300,0.9656339031339032
36047036400,0.39034296028880866
36047036501,0.9937641723356009
36047036502,0.9604989604989604
36047036600,0.5598166907863
36047036700,0.7102418939783839
36047036900,0.8766325450052947
36047037000,0.390774378585086
36047037100,0.8666666666666667
36047037300,0.8011500649230199
36047037401,0.2850934376358105
36047037402,0.41854981332285324
36047037500,0.8197251414713016
36047037700,0.7685442284807615
36047037900,0.9412741232620876
36047038100,0.7635073676550845
36047038200,0.898910519735667
36047038300,0.8034285714285714
36047038500,0.8276962348436503
36047038600,0.5353826448927314
36047038700,0.8171416234887737
36047038800,0.26201201201201196
36047038900,0.5842364532019704
36047039000,0.08469055374592838
36047039100,0.5961336415213281
36047039200,0.26887496269770217
36047039300,0.6565030967127203
36047039400,0.12842639593908634
36047039500,0.660772578890098
36047039600,0.1439842209072978
36047039700,0.6933554817275748
36047039800,0.7787639710716634
36047039900,0.8292737934145241
36047040000,0.5869728915662651
36047040100,0.6829198745366409
36047040200,0.7572168763878608
36047040300,0.7060551287844554
36047040400,0.6418023475956077
36047040500,0.6616094986807388
36047040600,0.6944374528064434
36047040800,0.7189189189189189
36047040900,0.7472959685349065
36047041000,0.22366372599896212
36047041100,0.7705982905982907
36047041200,0.44172705314009664
36047041300,0.6350982532751092
36047041401,0.22384428223844277
36047041402,0.34488028527763626
36047041500,0.7405218100285365
36047041600,0.35097864768683273
36047041700,0.8117647058823529
36047041800,0.1943802925327175
36047041900,0.8004459308807135
36047042000,0.14812744550027945
36047042100,0.7018774033024202
36047042200,0.4329004329004329
36047042300,0.640141676505313
36047042400,0.6588950836289914
36047042500,0.641907514450867
36047042600,0.6462557719333467
36047042700,0.5201198630136986
36047042800,0.5147657841140529
36047042900,0.7297925954642372
36047043000,0.6265212981744421
36047043100,0.537269372693727
36047043200,0.6222988505747127
36047043300,0.8749638205499276
36047043400,0.5763231909997444
36047043500,0.812099358974359
36047043600,0.480106100795756
36047043700,0.738362150864526
36047043800,0.2853932584269663
36047043900,0.8421828908554572
36047044000,0.2162068965517241
36047044100,0.7317751808569839
36047044200,0.022524271844660215
36047044300,0.5557046979865772
36047044400,0.17972070431086828
36047044500,0.7118800461361015
36047044600,0.5511042629686698
36047044700,0.5235158057054742
36047044800,0.16965742251223492
36047044901,0.758303189740217
36047045000,0.13978494623655913
36047045200,0.1316073354908306
36047045300,0.5787838437638704
36047045400,0.385759829968119
36047045600,0.454463072043498
36047045800,0.032818532818532864
36047046000,0.5584494245911569
36047046201,0.2540849673202614
36047046202,0.13936557462298493
36047046400,0.12032281731474692
36047046800,0.005996309963099633
36047047000,0.0788880540946657
36047047200,0.09795918367346934
36047047400,0.09943582510578275
36047047600,0.0983466362599772
36047047700,0.2511392405063291
36047047800,0.20080037664783423
36047048000,0.38565022421524664
36047048100,0.46703837323712694
36047048200,0.4737021857923497
36047048400,0.3451566438602809
36047048500,0.4004175365344468
36047048600,0.751784052125349
36047048800,0.49597495527728086
36047048900,0.8046176046176046
36047049000,0.5912780819331698
36047049100,0.6149167270094135
36047049200,0.48760064412238324
36047049301,0.8094236432477914
36047049302,0.6922160444797458
36047049400,0.31909293379226567
36047049500,0.3579224689499435
36047049600,0.48329387003420154
36047049700,0.2404945904173107
36047049800,0.6919279190323377
36047049900,0.24772234273318872
36047050001,0.35488372093023257
36047050002,0.35896076352067874
36047050100,0.39909443725743854
36047050202,0.25149700598802394
36047050300,0.2870673952641166
36047050401,0.43540829986613117
36047050402,0.25840896956753867
36047050500,0.6877306273062731
36047050600,0.7152428810720268
36047050700,0.12182610925878434
36047050801,0.8994641490176065
36047050803,0.75
36047050804,0.7080212234706617
36047050900,0.06055676066522053
36047051001,0.9432524563866052
36047051002,0.8643989887382211
36047051100,0.5866141732283465
36047051200,0.8093065693430657
36047051300,0.44614003590664275
36047051400,0.8131003201707577
36047051500,0.32442067736185387
36047051601,0.8639669746412424
36047051602,0.92400104465918
36047051700,0.32318165532067356
36047051800,0.6680522565320666
36047051900,0.29660523763336566
36047052000,0.604780433574208
36047052300,0.5454545454545454
36047052500,0.2998241500586166
36047052600,0.5684567005321722
36047052700,0.6049401656949984
36047052800,0.38912809472551135
36047052900,0.12425644415069403
36047053000,0.3710060734090309
36047053101,0.06083294337856804
36047053102,0.04990819562677351
36047053200,0.4426481909160893
36047053300,0.014220183486238547
36047053400,0.4690283820178165
36047053500,0.0641439778495616
36047053700,0.02401492189321519
36047053800,0.41401167639699754
36047053900,0.2160142348754448
36047054200,0.231146694214876
36047054400,0.14138364779874213
36047054500,0.5146041506533436
36047054600,0.3410620792819745
36047054700,0.2283660130718954
36047054800,0.11182108626198084
36047054900,0.19891236143066304
36047055000,0.2934722984092156
36047055100,0.45047169811320753
36047055200,0.34732510288065843
36047055300,0.360397946084724
36047055400,0.2774765894529325
36047055500,0.3498642722906661
36047055600,0.2149799885648942
36047055700,0.31593874078275663
36047055800,0.344954881050041
36047056000,0.2680099365166989
36047056100,0.2729018102029621
36047056200,0.14548319327731096
36047056301,0.36214638527166587
36047056302,0.43048576214405365
36047056400,0.37815779246016323
36047056500,0.20198079231692678
36047056600,0.5473251028806585
36047056800,0.44047619047619047
36047056900,0.24498886414253895
36047057000,0.40854978354978355
36047057100,0.23368211260587946
36047057200,0.7601449275362319
36047057300,0.16736753574432295
36047057400,0.6215604975499435
36047057500,0.34168609168609165
36047057600,0.6678141135972462
36047057800,0.5035877364644488
36047057901,0.4252153484729836
36047058000,0.5540355677154583
36047058200,0.5367521367521367
36047058400,0.2682926829268293
36047058600,0.7067209775967414
36047058800,0.39854862119013057
36047058901,0.08013544018058694
36047059000,0.6464751958224544
36047059100,0.17005267118133938
36047059200,0.32480818414322254
36047059300,0.2067796610169491
36047059402,0.2884101833719067
36047059403,0.5544683626875408
36047059404,0.47581903276131043
36047059600,0.2700511945392492
36047059800,0.33127572016460904
36047060000,0.16884314026732217
36047060600,0.3145902241822859
36047060800,0.3631043256997456
36047061002,0.025342987804878092
36047061003,0.6685779816513762
36047061004,0.24538679914833217
36047061200,0.14084507042253525
36047061600,0.0263496143958869
36047062000,0.03397773872290566
36047062200,0.3423243423243423
36047062600,0.38125
36047062800,0.17158901830282858
36047063200,0.31589537223340036
36047063600,0.37178423236514524
36047063800,0.30851581508515813
36047064000,0.14871194379391106
36047064200,0.24890481879729187
36047064400,0.4109957708573626
36047064600,0.258628417749888
36047064800,0.40740740740740744
36047065000,0.5477239353891337
36047065200,0.1311881188118812
36047065400,0.29097909790979093
36047065600,0.2825112107623319
36047065800,0.3839953943580886
36047066000,0.2800808897876643
36047066200,0.41870824053452116
36047067000,0.7901736239379387
36047067200,0.8563218390804598
36047067400,0.8590065228299046
36047067600,0.9242053789731052
36047067800,0.958470665787739
36047068000,0.9468884120171673
36047068200,0.7040127135478744
36047068600,0.48731257208765855
36047068800,0.8403962575674189
36047069000,0.8779504893494531
36047069200,0.8499550763701706
36047069601,0.6463556851311953
36047069602,0.3467432950191571
36047069800,0.522609819121447
36047070000,0.21373510861948142
36047070201,0.10263157894736841
36047070202,0.3571428571428571
36047070601,0.18449781659388642
36047072000,0.9471106758080313
36047072200,0.9728714524207012
36047072400,0.9851586489252815
36047072600,0.9682352941176471
36047072800,0.9820466786355476
36047073000,0.937570093457944
36047073200,0.9856680536292187
36047073400,0.9510791366906475
36047073600,0.9501195763580458
36047073800,0.6990836535619274
36047074000,0.9070118120130686
36047074200,0.5476422764227642
36047074400,0.12055837563451777
36047074600,0.14819587628865982
36047074800,0.27572254335260116
36047075000,0.2673980116558108
36047075200,0.008012820512820484
36047075400,0.02033898305084747
36047075600,0.22811405702851428
36047075800,0.18982118294360384
36047076000,0.22704168078617415
36047076200,0.6661981728742095
36047076400,0.7464625376942704
36047076600,0.8762790697674419
36047076800,0.28031062124248496
36047077000,0.8202372127501854
36047077200,0.6493782226266303
36047077400,0.7856721698113207
36047077600,0.87117903930131
36047078000,0.9703737465815861
36047078200,0.9882554440910203
36047078400,0.9586872586872587
36047078601,0.9378686590640976
36047078602,0.9310035842293907
36047078801,0.9543529411764706
36047078802,0.9894091415830546
36047079001,0.9276980329611908
36047079002,0.9735051915503043
36047079201,0.936046511627907
36047079202,0.924287537218205
36047079400,0.9006681514476614
36047079601,0.6732101616628176
36047079602,0.8487510766580534
36047079801,0.6219888820259419
36047079802,0.6648528819024586
36047080000,0.6908429011481378
36047080200,0.8118081180811808
36047080400,0.8667856080880166
36047080600,0.7003620161514899
36047080800,0.7458455522971652
36047081000,0.8663446054750402
36047081400,0.9651799687010955
36047081600,0.919501515661839
36047081800,0.8701670644391408
36047082000,0.8756677104439123
36047082200,0.9024696001002883
36047082400,0.9658263305322129
36047082600,0.939942592183705
36047082800,0.9284960422163588
36047083000,0.9944699004582083
36047083200,0.9955297273133661
36047083400,0.9899645808736718
36047083600,1.0
36047083800,0.9905940594059406
36047084000,0.9893026941362916
36047084600,0.9858118759852864
36047084800,0.9950586781964176
36047085000,0.9692597239648683
36047085200,1.0
36047085400,0.9468390804597702
36047085600,0.9654699917785695
36047085800,0.9831223628691983
36047086000,0.9983876168977749
36047086200,0.9845758354755784
36047086400,1.0
36047086600,0.9338496289125524
36047086800,0.977720374556022
36047087000,0.915238954012624
36047087200,0.9170906914097575
36047087401,0.7294698544698545
36047087600,0.7619302949061663
36047087800,0.9807482746095169
36047088001,0.9994734070563455
36047088002,0.7879053461875548
36047088200,0.8668039277795375
36047088400,0.9779609045611345
36047088600,0.9635597421913733
36047088800,0.996307408262174
36047089000,0.9742743155867382
36047089200,0.963302752293578
36047089400,0.985052754982415
36047089600,0.8982019363762103
36047089800,0.9548704200178731
36047090000,0.9208115183246073
36047090200,0.8796188705554264
36047090600,0.9615384615384616
36047090800,0.9085385878489327
36047091000,0.915986646884273
36047091200,0.931002038576133
36047091600,0.9524046847744829
36047091800,0.9245513866231647
36047092000,1.0
36047092200,0.8689700130378096
36047092400,0.9375241033551871
36047092800,0.9956573233320174
36047093000,0.9980360065466448
36047093200,0.9670050761421319
36047093400,0.9808040565012677
36047093600,0.9884244372990354
36047093800,0.9549413101098069
36047094401,0.9851262538913871
36047094402,0.9418204566781357
36047094600,0.9976733364355514
36047095000,0.9133247089262613
36047095400,0.9860076732114647
36047095600,0.9585043319653442
36047095800,0.9406652682049745
36047096200,0.9325626204238922
36047096400,0.963963963963964
36047096600,0.9931451612903226
36047096800,0.955568720379147
36047097000,0.9016194331983806
36047097400,0.8836191171105436
36047098200,0.9632335611595569
36047098400,0.9448698315467075
36047098600,0.9481946624803768
36047098800,0.9595890410958904
36047099000,0.995260663507109
36047099200,0.9681133746678476
36047099400,0.9476597886260695
36047099600,0.936195587358378
36047099800,0.9572897442657528
36047100400,0.9563248139760595
36047100600,0.9525588345162496
36047100800,0.9035776614310645
36047101000,0.9073806078147613
36047101200,0.9789332138054684
36047101400,0.9674074074074074
36047101600,0.9762057877813505
36047101800,0.9616760347470619
36047102000,0.9599792099792099
36047102200,0.8249090173877881
36047102400,0.9148148148148149
36047102600,0.9505108556832694
36047102801,0.9792
36047103401,0.9257534917912277
36047105801,0.7352257636122178
36047105804,0.8254626202812732
36047107001,0.9689749317448498
36047107800,0.9437269372693727
36047109800,0.9397450753186558
36047110400,0.9629337539432177
36047110600,0.9412121212121212
36047111000,0.9458631256384066
36047111600,0.981420208704505
36047111800,0.8727887617065557
36047112000,0.8967039434961742
36047112200,0.9571428571428572
36047112400,0.9627565982404692
36047112600,0.9974104445403539
36047112800,0.9667060212514758
36047113000,0.925917270390278
36047113200,0.9509001636661211
36047113400,0.8984989278055754
36047114201,0.7536327608982827
36047114202,0.8658008658008658
36047114400,0.8299894403379092
36047114600,0.7976666666666666
36047115000,0.8995028409090909
36047115200,0.8383400433570765
36047115600,0.9597552365262415
36047115800,0.9394856278366112
36047116000,0.8412468285610728
36047116200,0.9893738140417457
36047116400,0.8502035278154682
36047116600,0.9184408778250901
36047116800,0.703971119133574
36047117000,0.8600508905852418
36047117201,0.7234672304439747
36047117202,0.7316053511705686
36047117400,0.6217505366086334
36047117601,0.7564487102579485
36047117602,0.558659217877095
36047117800,0.6738768718801997
36047118201,0.7565625
36047118202,0.57180675049636
36047118400,0.6211554447215295
36047118600,0.868921185019564
36047118800,0.8322790875982365
36047119000,0.8445873526259379
36047119200,0.8295964125560538
36047119400,0.8784620991253644
36047119600,0.8326330532212886
36047119800,0.7263048558815892
36047120000,0.9608879492600423
36047120200,0.9071604938271605
36047120801,0.9826676714393369
36047120802,0.9808116453462726
36047120803,0.7657611481291645
36047121000,0.7853390639923591
36047121400,0.8887932888793288
36047122000,0.9883333333333333
36047123700,0.047417442845046565
36047150200,0.09487179487179487
36047152200,0.543880246551218
36061000201,0.8428357089272318
36061000202,0.6497643193829453
36061000600,0.8860571109664217
36061000700,0.2869495042656214
36061000800,0.8574543785148628
36061000900,0.3651315789473685
36061001001,0.24056603773584906
36061001002,0.8230088495575221
36061001200,0.4342073610777003
36061001300,0.3351162312281424
36061001401,0.2859399684044234
36061001402,0.6500304321363359
36061001501,0.46742649915814016
36061001502,0.34465963121883336
36061001600,0.7558290155440415
36061001800,0.6230569948186528
36061002000,0.8445297504798465
36061002100,0.25883161512027486
36061002201,0.6779786603438056
36061002202,0.4049980166600555
36061002400,0.9183484110415217
36061002500,0.890546299883766
36061002601,0.6861933797909407
36061002602,0.3890418502202643
36061002700,0.7946799667497921
36061002800,0.6176932746700188
36061002901,0.5804132973944295
36061002902,0.9086229086229086
36061003001,0.39089968976215095
36061003002,0.4288047028086218
36061003100,0.5129358830146231
36061003200,0.20257875847401308
36061003300,0.2030412994643166
36061003400,0.3428614412516925
36061003601,0.610469068660775
36061003602,0.3402757406864183
36061003700,0.3245562130177515
36061003800,0.37346017807049636
36061003900,0.35342465753424657
36061004001,0.22668863261943983
36061004002,0.37135322235042034
36061004100,0.47284073181109065
36061004200,0.45184054930383366
36061004300,0.4009730967372639
36061004400,0.23035434305424896
36061004500,0.26835236541598695
36061004700,0.2019464720194647
36061004800,0.3014189926711367
36061004900,0.16099930603747392
36061005000,0.2622649223221586
36061005200,0.3318414322250639
36061005400,0.27052832590706555
36061005501,0.4257068377782234
36061005502,0.3362877997914494
36061005600,0.40055568418615417
36061005700,0.15725397362191407
36061005800,0.42199669577531274
36061005900,0.21855628874225153
36061006000,0.21278863232682066
36061006100,0.38175546186278264
36061006200,0.5708549834671706
36061006300,0.12450422486635626
36061006400,0.25595634233994413
36061006500,0.18856767411300923
36061006600,0.35471373224278946
36061006700,0.15398406374501994
36061006800,0.3302133516861665
36061006900,0.21116017663588915
36061007001,0.16471486761710796
36061007002,0.35056056877221764
36061007100,0.2524524524524524
36061007200,0.32437810945273626
36061007300,0.2013021291571353
36061007400,0.27393196202531644
36061007500,0.1598049837486457
36061007600,0.5515970515970516
36061007700,0.1601822642832107
36061007800,0.40518674498503826
36061007900,0.23699833768701017
36061008000,0.31049250535331907
36061008100,0.18782949239343272
36061008200,0.516192621796677
36061008300,0.5781990521327014
36061008400,0.4710691823899371
36061008601,0.4416373520946594
36061008603,0.20272822665267576
36061008700,0.28534159465188325
36061008800,0.40288346015218257
36061008900,0.26401647133354456
36061009000,0.2933640420325321
36061009100,0.32085963330327627
36061009200,0.3906685236768802
36061009300,0.27304817275747506
36061009400,0.550561797752809
36061009500,0.2595585949642524
36061009600,0.6129032258064516
36061009700,0.4974808324205915
36061009800,0.26959093149334645
36061009901,0.11888888888888893
36061009902,0.42198233562316
36061009903,0.534934497816594
36061010000,0.3013447432762836
36061010100,0.6392543859649122
36061010200,0.17695473251028804
36061010300,0.40747734138972813
36061010400,0.30904183535762486
36061010601,0.1285636709204453
36061010602,0.3469551282051282
36061010801,0.2857142857142857
36061010802,0.14728860294117652
36061010803,0.13592750533049036
36061010900,0.5333333333333333
36061011000,0.2316856086539778
36061011100,0.47397428046540113
36061011201,0.25747863247863245
36061011202,0.11270491803278693
36061011203,0.1802973977695167
36061011300,0.8321167883211679
36061011401,0.20168855534709196
36061011402,0.24715309995782375
36061011500,0.5197122302158274
36061011600,0.23958624545708695
36061011700,0.41875375676217186
36061011800,0.18359621451104102
36061011900,0.7
36061012000,0.18209154694286667
36061012101,0.36975678533662315
36061012102,0.33828480887304413
36061012200,0.06134969325153372
36061012400,0.28679014858538576
36061012500,0.5365755627009646
36061012601,0.11419711473641636
36061012602,0.08137548056386157
36061012700,0.3087986463620981
36061012800,0.12595794851640796
36061012901,0.3897742363877822
36061012902,0.4693617021276596
36061013000,0.14262114537444937
36061013100,0.4430086149768059
36061013201,0.2247141600703606
36061013202,0.10303587856485741
36061013203,0.14379237783493104
36061013300,0.4514593908629442
36061013400,0.1384034425221744
36061013501,0.5994747209455022
36061013502,0.5111746826390131
36061013601,0.0993031358885017
36061013602,0.17046564636926087
36061013603,0.08178816357632712
36061013604,0.1382823871906841
36061013700,0.2955192567061292
36061013800,0.2157336659909559
36061013900,0.24219725343320853
36061014000,0.1144650727928409
36061014200,0.20333803479078516
36061014401,0.1918475852902083
36061014402,0.2525956689409671
36061014500,0.3761329305135952
36061014601,0.2345479082321188
36061014602,0.1593738882959801
36061014700,0.524556616643929
36061014801,0.19612508497620662
36061014802,0.29151581929796944
36061014900,0.2745199792423456
36061015001,0.05476673427991885
36061015002,0.12489102005231034
36061015101,0.8248384781048097
36061015102,0.5430707021198382
36061015200,0.4739318413021363
36061015301,0.31287683031869074
36061015302,0.1839315603496373
36061015401,0.10715816545220747
36061015402,0.3457296742754552
36061015403,0.32964556443351767
36061015501,0.15696302124311567
36061015502,0.3487516934391329
36061015601,0.3137938102070096
36061015602,0.6912296564195298
36061015700,0.17320324574961365
36061015801,0.1724841804449888
36061015802,0.33936532913716233
36061015900,0.216435313714603
36061016001,0.15291262135922334
36061016002,0.4258461538461539
36061016100,0.17999362854412237
36061016200,0.8158624514697725
36061016300,0.19659464873372445
36061016400,0.7878167391860763
36061016500,0.17279867713931374
36061016600,0.631000676132522
36061016700,0.14035575319622007
36061016800,0.7456924754634678
36061016900,0.19425717852684143
36061017000,0.7957466697826595
36061017100,0.14847826086956517
36061017200,0.795868544600939
36061017300,0.3304438280166435
36061017401,0.8182643427741467
36061017402,0.7176749703440095
36061017500,0.30133333333333334
36061017700,0.40082288776193664
36061017800,0.677277716794731
36061017900,0.20606852205365211
36061018000,0.7271162123385939
36061018100,0.3113047414280865
36061018200,0.8612370229565726
36061018300,0.2690279688216415
36061018400,0.7995039812034983
36061018500,0.3584569732937686
36061018600,0.921143575243481
36061018700,0.42982194369839843
36061018800,0.8056447911886186
36061018900,0.6305846539529054
36061019000,0.7932239849421887
36061019100,0.29848822219617954
36061019200,0.9079853143643873
36061019300,0.6381640698329266
36061019400,0.7492335990190068
36061019500,0.44717800289435605
36061019600,0.8211826169555925
36061019701,0.5866388308977035
36061019702,0.7049293347121682
36061019800,0.7555886736214605
36061019900,0.3588776755018299
36061020000,0.633365353826449
36061020101,0.4547900968783638
36061020102,0.7445382323733862
36061020300,0.5301296720061022
36061020500,0.3145132743362832
36061020600,0.7210210992445949
36061020701,0.48950314905528336
36061020800,0.7230876947313145
36061020901,0.9321133412042503
36061021000,0.9428815004262574
36061021100,0.6153313550939663
36061021200,0.8850117096018735
36061021303,0.7745832696130907
36061021400,0.8636812644056635
36061021500,0.8368709754352492
36061021600,0.7660856466537551
36061021703,0.49411764705882355
36061021800,0.7230715774843641
36061021900,0.889051569871482
36061022000,0.6517506672947088
36061022102,0.7092627599243857
36061022200,0.6764179104477612
36061022301,0.7421875
36061022302,0.7908432147562583
36061022400,0.8885193561261141
36061022500,0.8073635765943459
36061022600,0.7283333333333333
36061022700,0.7145073700543056
36061022800,0.8769489452766738
36061022900,0.7271439468235807
36061023000,0.9202544587072589
36061023100,0.8286429939590394
36061023200,0.8630623108235048
36061023300,0.7273097273097273
36061023400,0.8235172127747823
36061023501,0.8443434073281626
36061023502,0.9127872716558633
36061023600,0.9448132780082987
36061023700,0.7515583259127337
36061023802,0.6001872659176031
36061023803,0.515439429928741
36061023804,0.4936265137029955
36061023900,0.8228333866325552
36061024000,0.8449913644214162
36061024100,0.8237159936562157
36061024200,0.8869015356820235
36061024301,0.8153071500503525
36061024302,0.9132100396301189
36061024500,0.7988666710089234
36061024700,0.7644799054373522
36061024900,0.7786187322611163
36061025100,0.8050089445438282
36061025300,0.7603638271820885
36061025500,0.6759322033898305
36061025700,0.6745379876796714
36061025900,0.7336468576314664
36061026100,0.8729091761763327
36061026300,0.7899584409749523
36061026500,0.5873915139826422
36061026700,0.4267453294001966
36061026900,0.8143286238736234
36061027100,0.653036824485892
36061027300,0.29033896153357874
36061027500,0.2908684546615581
36061027700,0.8346774193548387
36061027900,0.6995183401259726
36061028100,0.29469188529591217
36061028300,0.7462235649546828
36061028500,0.9070570034511484
36061028700,0.6054421768707483
36061029100,0.8102281273502131
36061029300,0.8209592992201687
36061029500,0.536547433903577
36061029700,0.7647058823529411
36061029900,0.7369942196531791
36061030300,0.6518248175182482
36061030700,0.3466734641855722
36061030900,0.7835336850298366
36061031703,0.25379844961240305
36061031704,0.3377609108159393
36081000101,0.5589814999005371
36081000102,0.4267515923566879
36081000104,0.7466307277628033
36081000200,0.763807285546416
36081000400,0.8199662304769946
36081000600,0.7647814910025708
36081000701,0.5233818519665532
36081000702,0.3962159154145799
36081000800,0.75
36081001000,0.8078766409668681
36081001200,0.7115938236063858
36081001400,0.7834054466785442
36081001600,0.7564154786150713
36081001800,0.7562222979884078
36081001901,0.6123456790123456
36081001902,0.6072346313500692
36081001903,0.5293685756240822
36081002000,0.7985028072364317
36081002200,0.6974990075426757
36081002400,0.7546768707482994
36081002500,0.8793205609322536
36081002600,0.7755623721881391
36081002800,0.8522759805324935
36081003000,0.4658583280153159
36081003100,0.5826771653543308
36081003200,0.732237539766702
36081003301,0.5402298850574713
36081003302,0.8002136752136753
36081003400,0.8612739351309106
36081003600,0.8181818181818181
36081003800,0.7609387430389817
36081003900,0.6706128133704735
36081004001,0.6590807675145025
36081004002,0.8974514563106796
36081004200,0.8793141839234023
36081004300,0.8673614400757934
36081004401,0.8673684210526316
36081004500,0.32413793103448274
36081004700,0.6842105263157895
36081005100,0.7722479966258963
36081005200,0.8342743274659581
36081005300,0.44972577696526506
36081005400,0.7630161579892281
36081005500,0.5479134466769706
36081005700,0.46027060270602704
36081005800,0.6740590348274247
36081005900,0.46145695364238415
36081006100,0.34467034011020325
36081006201,0.4436115843270869
36081006202,0.5255395124980593
36081006300,0.4324229691876751
36081006501,0.46811771919068057
36081006502,0.2889882615986584
36081006900,0.4369369369369369
36081007100,0.5330800886356442
36081007300,0.4420817011751539
36081007500,0.49378811836458103
36081007700,0.4624277456647399
36081007900,0.5626923076923077
36081008100,0.5112309074573225
36081008300,0.5834068843777582
36081008500,0.644602048857368
36081008600,0.6166666666666667
36081008700,0.7291732657586316
36081008800,0.6123688569850911
36081009100,0.3507157464212679
36081009400,0.8791881443298969
36081009500,0.264973646382367
36081009600,0.9180622009569378
36081009700,0.2397392563978754
36081009800,0.9433887569279493
36081010000,0.782015503875969
36081010100,0.2497008376545672
36081010200,0.9624819624819625
36081010300,0.2980255516840883
36081010400,0.9212339023659778
36081010500,0.4854021472970428
36081010600,0.9707585408222351
36081010800,0.9537332482450542
36081011000,0.8973299427844883
36081011100,0.35571380128857244
36081011200,0.8072957969865187
36081011300,0.42006269592476486
36081011400,0.778099372889532
36081011500,0.28966094600251147
36081011600,0.7625118035882908
36081011700,0.2777777777777778
36081011800,0.8708421797593773
36081011900,0.39405439595192915
36081012000,0.8983240223463687
36081012100,0.2514150943396226
36081012200,0.8024289099526066
36081012301,0.2658513035082073
36081012400,0.902342561606328
36081012500,0.4770444763271162
36081012601,0.8733379986004199
36081012602,0.8081632653061225
36081012800,0.5227447956823439
36081013000,0.3436391282311201
36081013200,0.5832432432432433
36081013400,0.5443061149761992
36081013500,0.0848214285714286
36081013600,0.4659034345445495
36081013700,0.25854156042835286
36081013800,0.5735914619012161
36081014000,0.3904425739885963
36081014100,0.5145278450363195
36081014201,0.7871671209897253
36081014202,0.897133220910624
36081014300,0.41632860040567954
36081014400,0.8566221142162819
36081014500,0.2906382978723404
36081014700,0.41663859885483323
36081014800,0.9714817110973342
36081014900,0.4022321428571428
36081015000,0.9521630615640599
36081015100,0.26317743132887894
36081015200,0.910184141300263
36081015300,0.37702175125488013
36081015400,0.93945613134941
36081015500,0.4660931174089069
36081015600,0.9571122230164403
36081015700,0.5786726323639075
36081015801,0.978143481614811
36081015802,0.9692798723319369
36081015900,0.3217791411042945
36081016100,0.4705400981996727
36081016300,0.7589349964020149
36081016400,0.9793702497285559
36081016600,0.9399079234310638
36081016800,0.9190985264374458
36081016900,0.42075298438934805
36081017000,0.9361944549943031
36081017102,1.0
36081017200,0.9627766599597586
36081017400,0.9525845316750875
36081017600,0.9542302357836339
36081017800,0.9417301658449126
36081017901,0.7057245080500895
36081017902,0.7631578947368421
36081018000,0.9281729428172942
36081018101,0.52
36081018102,0.5738539898132428
36081018200,0.9521384928716904
36081018300,0.5124434389140271
36081018401,1.0
36081018402,0.9555850182300298
36081018501,0.4804730473047305
36081018502,0.4256010396361274
36081018600,0.9858934169278997
36081018700,0.6804629954401964
36081018800,0.9015691868758916
36081018900,0.8099590293098015
36081019000,0.9510545165141265
36081019200,0.9142441860465116
36081019400,0.989859339221459
36081019600,0.9895287958115183
36081019800,0.9858970154148902
36081019901,0.7592190889370933
36081019902,0.5789473684210527
36081020200,1.0
36081020400,0.9750765194578049
36081020500,0.5920177383592018
36081020600,0.9608900876601484
36081020800,0.7652248150256118
36081021200,0.9167252283907238
36081021400,0.8958298720717728
36081021601,0.5033205173016428
36081021602,0.572463768115942
36081022001,0.6710565698892548
36081022002,0.5039128004471771
36081023000,0.6671957671957671
36081023200,0.7835547852878876
36081023501,0.6879337362883367
36081023502,0.6572652624062835
36081023600,0.8409164246531139
36081023800,0.9780685587910063
36081024000,0.946725860155383
36081024300,0.6666666666666667
36081024500,0.5386208324704909
36081024700,0.8807471264367817
36081024900,0.715261958997722
36081025100,0.5991328997832249
36081025301,0.4914549653579676
36081025302,0.594147206621342
36081025401,0.9811927740658253
36081025402,0.9298187260934642
36081025500,0.6591657519209659
36081025700,0.7223917022574741
36081025800,0.9880810488676997
36081025900,0.6822961068485365
36081026000,0.9846153846153847
36081026100,0.7497948016415868
36081026200,0.9869621903520208
36081026300,0.739247311827957
36081026400,0.9898635477582846
36081026501,0.7754710954966464
36081026502,0.6311111111111112
36081026600,0.9735449735449735
36081026700,0.9183826282291276
36081026901,0.8631786771964463
36081026902,0.8956397426733381
36081027000,0.7878916172734971
36081027101,0.9427043544690603
36081027102,0.8124555160142348
36081027200,1.0
36081027301,0.6946859903381642
36081027302,0.7523917995444191
36081027400,0.9678553490708187
36081027500,0.7470958712386284
36081027600,0.979047619047619
36081027701,0.744006613392119
36081027702,0.770483193277311
36081027800,0.9591916051301982
36081027900,0.7624709227190488
36081028000,0.9604938271604938
36081028100,0.5168502383692257
36081028200,0.9684826654660063
36081028300,0.6375395987328405
36081028400,0.9570957095709571
36081028500,0.39907192575406036
36081028700,0.5495300072306579
36081028801,0.975894538606403
36081028802,0.8505993150684932
36081028900,0.5478056426332288
36081029100,0.7607772697583279
36081029300,0.8349753694581281
36081029400,0.9244120236448246
36081029500,0.5553641732283465
36081029700,0.5514297908664105
36081030600,0.9674698795180723
36081030903,0.7544816835541699
36081030904,0.6386676321506155
36081030905,0.8251440189766182
36081030906,0.6878838637632607
36081031700,0.23236054673069817
36081032000,0.9369549418604651
36081032700,0.8139114724480578
36081032800,0.998020455295282
36081032900,0.8314039774413773
36081033000,0.9888701042547197
36081033401,0.9905070618198657
36081033403,0.9868844914864243
36081033404,1.0
36081033405,0.9247630331753555
36081033700,0.7069881487535759
36081033900,0.5336956521739131
36081034700,0.8461309523809524
36081035100,0.7457534246575342
36081035200,0.9927536231884058
36081035300,0.7987012987012987
36081035700,0.8160640621208445
36081035800,0.9892831626577756
36081036100,0.9014084507042254
36081036300,0.913022585295531
36081036500,0.9172848664688428
36081036600,0.9863899285471249
36081036700,0.8974243108901943
36081036800,0.9933645589383294
36081037100,0.8788310762651461
36081037300,0.9610696028313016
36081037501,0.6072443181818181
36081037502,0.8983113069016153
36081037600,0.9858144724258846
36081037700,0.7632398753894081
36081037900,0.7464435146443515
36081038100,0.8033983991012499
36081038400,0.985427333595904
36081039400,0.9906850961538461
36081039800,0.9412117576484703
36081039901,0.6921868865331763
36081039902,0.6866630958757365
36081040000,0.986989946777055
36081040101,0.8902524544179523
36081040102,0.8064777327935223
36081040200,0.9868571428571429
36081040301,0.8365598222786417
36081040302,0.7223427331887202
36081040400,0.9776992713623316
36081040501,0.9574468085106383
36081040502,0.8287077189939289
36081040701,0.8718715995647442
36081040702,0.9041695461875144
36081040901,0.6488909863142992
36081040902,0.926112510495382
36081041100,0.7433766233766234
36081041300,0.6991304347826087
36081041400,0.9661654135338346
36081041500,0.755591798695247
36081042400,0.9837649787398531
36081042600,0.622
36081042700,0.8787477954144621
36081043200,0.9960722702278083
36081043400,0.9506308283049918
36081043701,0.6913399648917495
36081043702,0.6694080996884735
36081043900,0.8021190401994391
36081044000,0.976668339187155
36081044301,0.8162018592297476
36081044302,0.846843092310898
36081044400,0.9694598687531549
36081044601,0.94072708113804
36081044602,0.8687140115163148
36081044800,0.9117341640706127
36081045000,0.8423153692614771
36081045200,0.8798798798798799
36081045400,0.9766325891925725
36081045500,0.7673949095104189
36081045600,0.8810289389067524
36081045700,0.8157965194109773
36081045800,0.8918918918918919
36081045900,0.9716770186335404
36081046000,0.9098897587474037
36081046100,0.8718775181305398
36081046200,0.950320776443494
36081046300,0.9851110568708812
36081046400,0.6659007352941176
36081046500,0.8810928961748634
36081046600,0.9309196837286725
36081046700,0.8031210812317124
36081046800,0.9541062801932367
36081046901,0.9414441147378833
36081046902,0.90332005312085
36081047000,0.961128707169594
36081047100,0.9601364314645064
36081047200,0.7029236868186324
36081047300,0.9153619242114818
36081047500,0.8525275560623338
36081047600,0.653899721448468
36081047801,0.604630969609262
36081047802,0.9682310469314079
36081047900,0.9063188209385058
36081048000,0.911578947368421
36081048100,0.869534254379718
36081048200,0.8482142857142857
36081048301,0.8590449954086318
36081048302,0.7108085808580857
36081048400,0.9435661396838103
36081048500,0.9557331030015116
36081048900,0.7807715860379669
36081049201,0.9401574803149606
36081049202,0.9590551181102362
36081049301,0.577428935086975
36081049302,0.728792179123305
36081049500,0.37688442211055273
36081049600,0.9865220249835635
36081049700,0.5539545308997759
36081049900,0.815625
36081050000,0.9617768595041323
36081050201,1.0
36081050202,0.9721203228173148
36081050400,0.9384449244060475
36081050500,0.5262337662337662
36081050600,0.9455547898001379
36081050700,0.43493348756506656
36081050800,0.9834851936218679
36081051000,0.9574795081967213
36081051100,0.2881665449233016
36081051200,0.9870782483847811
36081051300,0.5090317919075145
36081051500,0.285092807424594
36081051600,0.8560434585785424
36081051700,0.23962655601659755
36081051800,0.9844444444444445
36081052000,0.9765193370165746
36081052100,0.35144743524631794
36081052200,1.0
36081052400,1.0
36081052500,0.42446601941747575
36081052600,0.9514087382605145
36081052800,0.991407799074686
36081053000,0.9764150943396226
36081053100,0.3029356652092442
36081053200,0.9987277353689568
36081053401,0.9333972208912314
36081053501,0.4677672955974843
36081053601,0.9712820512820513
36081053800,0.9836858006042296
36081053901,0.49347378062743297
36081053902,0.0
36081054000,0.9880801420238398
36081054200,0.9140133117467171
36081054500,0.466791144305148
36081054700,0.6131637391479912
36081054800,0.9749190938511327
36081054900,0.5293103448275862
36081055100,0.4913597089586176
36081055200,0.7923076923076923
36081055300,0.6623045004787743
36081055400,0.8520537986186841
36081055500,0.6429889298892989
36081055600,0.8760084925690022
36081055700,0.25142857142857145
36081055800,0.901949860724234
36081055900,0.5328151986183074
36081056000,0.8459250446162998
36081056100,0.38888888888888884
36081056200,0.7526804860614724
36081056400,0.8007326007326008
36081056500,0.5870895937673901
36081056600,0.8940832724616509
36081056700,0.43411788372560856
36081056800,0.8765558049377677
36081057700,0.39225838264299806
36081057900,0.3794326241134752
36081058000,0.9637329637329637
36081058100,0.42229965156794425
36081058200,0.9487459105779716
36081058300,0.40803832845355337
36081058500,0.3370177719982661
36081058700,0.26396103896103895
36081058900,0.2987792261535278
36081059000,0.7883642495784149
36081059100,0.4122280570142536
36081059200,0.9847682119205298
36081059300,0.3249088699878493
36081059400,0.9807909604519774
36081059501,0.15963302752293573
36081059502,0.6605590062111801
36081059600,0.9824561403508771
36081059800,0.9739033870072182
36081059900,0.5175983436853002
36081060000,0.9762845849802372
36081060100,0.22285714285714286
36081060300,0.2769766285430134
36081060600,1.0
36081060701,0.0
36081060800,0.9887850467289719
36081061000,0.9879974731522426
36081061200,0.9945866141732284
36081061301,0.4465483234714004
36081061400,0.978246539222149
36081061601,0.9839906286606794
36081061602,0.9180651530108588
36081061800,0.9148700939745715
36081061900,0.25740897544453856
36081062000,0.9737226277372263
36081062100,0.40714051752374714
36081062200,0.9466470876162506
36081062300,0.26582278481012656
36081062500,0.3214007782101167
36081062600,0.9766199064796259
36081062700,0.2262237762237762
36081062900,0.3567318757192175
36081063000,0.9821551132463967
36081063200,0.9940805051302289
36081063301,0.21515892420537897
36081063302,0.3146596858638744
36081063500,0.15783410138248843
36081063700,0.13751375137513755
36081063800,0.964225352112676
36081063900,0.4522151898734177
36081064101,0.32221775813579756
36081064500,0.5309734513274336
36081064600,0.9844209288653734
36081065000,0.9860302677532014
36081065401,0.9103982300884956
36081065600,0.8644848484848485
36081065702,0.17832167832167833
36081065703,0.28292181069958844
36081065900,0.22887139107611554
36081066000,0.9309262166405023
36081066100,0.1252371916508539
36081066301,0.31453804347826086
36081066401,0.8367217280813215
36081066402,0.9352760736196319
36081066403,0.9447377103266249
36081066501,0.22739591032273954
36081066701,0.3513612950699043
36081066900,0.20534698521046646
36081067100,0.37241093620546806
36081067700,0.12624934245134145
36081067900,0.517957985091484
36081068000,0.9915074309978769
36081068200,0.9888475836431226
36081068300,0.8418211687397325
36081068700,0.6364425162689804
36081069000,0.9628347183748845
36081069300,0.6778738392571246
36081069400,0.9205149734116989
36081069500,0.5746793545717832
36081069701,0.6647982062780269
36081069702,0.537943838477605
36081070300,0.6802270577105014
36081070700,0.48027057497181513
36081070900,0.4901694915254238
36081071100,0.471542025148908
36081071303,0.4494463605009984
36081071304,0.4600484261501211
36081071305,0.43525824964132
36081071306,0.5297878523684976
36081071701,0.42718822618125485
36081071702,0.64398377647589
36081071900,0.5810071942446043
36081072100,0.511497476163769
36081072300,0.47767663632423063
36081072900,0.5153733528550513
36081073100,0.3123241418120428
36081073700,0.39144583914458386
36081073900,0.458941605839416
36081074100,0.531166219839142
36081074300,0.48957024377984415
36081074500,0.5170842824601367
36081074700,0.8073223704623023
36081074900,0.4856762158560959
36081075701,0.4881320949432405
36081075702,0.49256540560888384
36081076901,0.376628664495114
36081076902,0.5244979919678715
36081077300,0.4033149171270718
36081077500,0.36215713621571366
36081077902,0.2833530106257379
36081077903,0.5361666197579511
36081077904,0.44122435688700745
36081077905,0.7024793388429752
36081077906,0.43961076130509447
36081077907,0.42833607907743
36081077908,0.7782295902408508
36081078800,0.9796450939457203
36081079000,0.9835943325876212
36081079200,0.9793233082706767
36081079701,0.9516413130504403
36081079702,0.9645116918844566
36081079900,0.8040816326530612
36081080301,0.9175066312997348
36081080302,0.7831793874574623
36081080900,0.4991368680641184
36081081400,0.9607926699339442
36081081800,0.9233594515181195
36081083700,0.8396418396418397
36081083800,0.8514902363823227
36081084000,0.8881642847231858
36081084500,0.8775060144346432
36081084601,0.8095748481600572
36081084602,0.8487460815047022
36081084901,0.9762073863636364
36081084902,0.9315
36081085300,0.9252808988764045
36081085500,0.8662846227316141
36081085700,0.9282494365138994
36081085900,0.8942133815551537
36081086100,0.9116719242902208
36081086300,0.9023269601304283
36081086400,0.7669616519174041
36081086500,0.8946923239585536
36081086900,0.8772647574517826
36081087100,0.9398919405673121
36081088400,0.24910878254294044
36081088902,0.7969590209530873
36081088903,0.9140593254774482
36081089201,0.09822848058142175
36081090700,0.7893617021276595
36081091603,0.028890015205271125
36081091800,0.0
36081091900,0.7977085571070534
36081092200,0.06350667280257705
36081092500,0.7719491993373826
36081092800,0.057664858692549226
36081092900,0.736842105263158
36081093401,0.14552510308028133
36081093402,0.1405602923264312
36081093800,0.3007775459890005
36081093900,0.6663623916020083
36081094201,0.6563974465723008
36081094202,0.6140142517814726
36081094203,0.355
36081094500,0.52324431256182
36081094700,0.7104502271788518
36081095400,0.798705035971223
36081096400,0.8243626062322946
36081097202,0.9610311750599521
36081097204,0.903271692745377
36081097205,0.7955785242606948
36081097206,0.9584537572254336
36081097300,0.17922077922077917
36081098100,0.2647306397306397
36081098700,0.17830045523520488
36081099100,0.28915832510926265
36081099200,0.8565737051792829
36081099701,0.33808844507845937
36081099703,0.5371342835708928
36081099704,0.3429469655549481
36081099705,0.5229976209357652
36081099801,0.9336181399934276
36081099802,0.8217967599410898
36081100801,0.6906407035175879
36081100803,0.9258982035928144
36081100804,0.7216476138631827
36081101002,0.2533806626098716
36081101003,0.5172928589201293
36081101004,0.5705610179294389
36081101700,0.4152973680383888
36081102900,0.3199890320811626
36081103201,0.8965194109772423
36081103202,0.42668136714443217
36081103300,0.4877524709926945
36081103900,0.5731793210311311
36081104700,0.7840763424013674
36081105900,0.412328094302554
36081107201,0.12821631051024862
36081108500,0.4843272171253823
36081109300,0.46702376966856374
36081109700,0.41267123287671237
36081109900,0.4462332928311057
36081111300,0.5234093637454982
36081112300,0.5259623992837958
36081112900,0.568788501026694
36081113300,0.3614735226400614
36081113900,0.6378458498023716
36081114100,0.37413300693594453
36081114700,0.4368600682593856
36081115100,0.5800000000000001
36081115500,0.7213812677388836
36081115700,0.7655215884021431
36081115900,0.8377429173495669
36081116100,0.9174101452969666
36081116301,0.8379973764757325
36081116302,0.893099121706399
36081116700,0.8474381116868164
36081117100,0.7487864077669903
36081117500,0.7290836653386454
36081118100,0.5952016334864727
36081118500,0.8518329938900204
36081118700,0.747983870967742
36081118900,0.7997762863534675
36081119100,0.757514353259034
36081119300,0.7702312138728323
36081119500,0.6401799100449774
36081119900,0.7325505544683627
36081120100,0.8412587412587412
36081120300,0.8581687612208259
36081120500,0.917664127675009
36081120701,0.7227819304517387
36081121500,0.7898912058023573
36081122300,0.6707638279192274
36081122702,0.6820783795684721
36081122703,0.6999512314069739
36081122704,0.7482993197278911
36081124100,0.7610462163534789
36081124700,0.5961276247613854
36081125700,0.8268452195577701
36081126500,0.7575000000000001
36081126700,0.5747176368375326
36081127700,0.3348968105065666
36081129102,0.3901613742842269
36081129103,0.42506750675067506
36081129104,0.45885571005242765
36081130100,0.7473063109286814
36081133300,0.446258161727775
36081133900,0.3961136023916293
36081134100,0.6653909240021869
36081134701,0.7976675305442429
36081134702,0.8332317692463944
36081136700,0.7675179071940206
36081137700,0.6837179487179488
36081138501,0.7394900068917988
36081138502,0.09174311926605505
36081139900,0.7136479591836735
36081140300,0.6164916374951381
36081140901,0.7593073593073594
36081140902,0.7191558441558441
36081141700,0.7791675210170187
36081142900,0.6789731051344743
36081143500,0.7558823529411764
36081144100,0.6396957123098201
36081144700,0.8485436893203884
36081145101,0.6171477079796265
36081145102,0.6341554559043348
36081145900,0.5091958168049044
36081146300,0.603950103950104
36081146700,0.528395061728395
36081147100,0.41764342998149295
36081147900,0.5094426531552281
36081148300,0.3642077406549785
36081150701,0.49385439647021745
36081150702,0.4665341285619615
36081152901,0.6973349176710235
36081152902,0.6195669607056937
36081155101,0.030344827586206935
36081155103,0.56921716054843
36081155104,0.6465256797583081
36081156700,0.7937608318890814
36081157101,0.7836725091165745
36081157102,0.8099762470308789
36081157901,0.8075321383306174
36081157902,0.814796668299853
36081157903,0.7321171387421987
36081161700,0.6296522269676632
36081162100,0.7937901834718519
36085000300,0.4955916473317865
36085000600,0.43773165307635287
36085000700,0.6487017237617281
36085000800,0.42336171788226584
36085000900,0.5680628272251309
36085001100,0.7335907335907336
36085001700,0.544357272178636
36085001800,0.3764705882352941
36085002001,0.2703862660944206
36085002002,0.24329627207325044
36085002100,0.5482657751776013
36085002700,0.6769316909294513
36085002900,0.8601801801801802
36085003300,0.50419338924519
36085003600,0.5549772283669486
36085003900,0.34238438693254136
36085004001,0.6722786647314949
36085004002,0.8857596191987307
36085004003,0.9057542768273716
36085004004,0.7119279819954989
36085004700,0.44639175257731956
36085005000,0.39179104477611937
36085005901,0.24236701290525653
36085006400,0.32866043613707163
36085006700,0.299055967633176
36085007001,0.3478412256267409
36085007002,0.23725687458081823
36085007400,0.33729359645590007
36085007500,0.48834325396825395
36085007700,0.6800406297613002
36085008100,0.5109961190168175
36085009601,0.19155420113191124
36085009602,0.3578199052132701
36085009701,0.5269016697588127
36085009702,0.0
36085010500,0.5928733889310083
36085011201,0.33938864628820964
36085011203,0.4954476479514416
36085011204,0.8712871287128713
36085011401,0.5407577497129736
36085011402,0.16935720575286173
36085012100,0.1226114649681529
36085012200,0.2145328719723183
36085012500,0.40064516129032257
36085012804,0.3467556853745045
36085012805,0.16482112436115848
36085012806,0.32486128512618584
36085013201,0.16850828729281764
36085013203,0.19948483113909554
36085013204,0.21299999999999997
36085013301,0.8542471042471043
36085013302,0.7512315270935961
36085013400,0.3166711699540665
36085013800,0.11479063843337045
36085014100,0.5424242424242425
36085014604,0.1421631661665952
36085014605,0.11285676878764073
36085014606,0.1101472995090016
36085014607,0.1512383272431993
36085014608,0.12113720642768855
36085014700,0.14360313315926898
36085015100,0.23074204946996468
36085015601,0.20867455262359724
36085015602,0.036302708740575285
36085015603,0.22782907451148804
36085016901,0.31209232313095836
36085017005,0.15429403202328962
36085017007,0.2667800804206619
36085017009,0.177406523468576
36085017011,0.10268694022078728
36085017012,0.18642241379310343
36085017013,0.24440465532676814
36085017014,0.13849483048809808
36085017015,0.04480796586059743
36085017016,0.1975908706677938
36085017300,0.5869198312236287
36085017600,0.09285425918449741
36085017701,0.13838862559241705
36085017702,0.13985720285594283
36085018100,0.2405313736574336
36085018701,0.369778236204229
36085018703,0.4462097140263277
36085018704,0.30440552016985134
36085018901,0.33352523507963927
36085018902,0.22774162831296618
36085019700,0.3124378109452737
36085019800,0.11614541566426084
36085020100,0.39963215974776667
36085020701,0.7421875
36085020702,0.7218623481781377
36085020803,0.03039399624765482
36085020804,0.14011481880157872
36085020805,0.1642868865911702
36085020806,0.18522446094026157
36085021300,0.6038055764883195
36085022300,0.6765242789339174
36085022601,0.12438530517789992
36085022602,0.13052345343303873
36085022801,0.21739130434782605
36085023100,0.6749698674166331
36085023900,0.44776521270866987
36085024401,0.02857142857142858
36085024402,0.08479999999999999
36085024700,0.6067094932191293
36085024800,0.15816528272044283
36085025100,0.3210235979160282
36085027301,0.3443049964480227
36085027302,0.2811741337453101
36085027702,0.283485246408157
36085027704,0.31537962362102534
36085027705,0.3626496408619314
36085027706,0.3576139088729017
36085027900,0.21234119782214156
36085029102,0.3911368015414258
36085029104,0.3240727272727273
36085029105,0.24260608658379768
36085029106,0.17650479790636808
36085030301,0.4420963651732882
36085030302,0.5614998431126451
36085031901,0.7664670658682635
36085031902,0.8115970710469028
36085032300,0.7696381288614298
