GEOID,rental_ptg
36005000200,0.32284597984783053
36005000400,0.3286309714652132
36005001600,0.7935147849462365
36005001901,1.0
36005001902,0.8512931034482759
36005002001,1.0
36005002002,0.6120051085568327
36005002300,1.0
36005002500,0.9390535812925797
36005002701,0.9891859417242416
36005002702,0.9758874748827864
36005002800,0.9102392344497607
36005003100,0.8655724892536147
36005003300,0.8691588785046729
36005003500,0.9512321660181582
36005003700,1.0
36005003800,0.5808695652173913
36005003900,0.9511715549729641
36005004001,0.4691270404542229
36005004100,0.8431039802530084
36005004200,0.8916473034120093
36005004300,0.7752218800941858
36005004400,0.9419895762519828
36005004600,0.8611949305974653
36005004800,0.9093532099062275
36005005001,0.9227836034318398
36005005002,0.955566486309231
36005005100,0.9696312364425163
36005005200,0.8575867426204039
36005005300,1.0
36005005400,0.8654621996141028
36005005600,0.8199913457377759
36005005902,0.7140912185159973
36005006000,0.7393986121819583
36005006100,0.6027928626842514
36005006200,0.9756882949605539
36005006301,0.7300087489063867
36005006400,0.7389839294971488
36005006500,0.9014722536806342
36005006700,0.9844786015672091
36005006800,0.8106698756518251
36005006900,0.9206644708577975
36005007000,0.6541809548931681
36005007100,0.6084822993340343
36005007200,0.6184745487071068
36005007300,0.9460220605491668
36005007400,0.6105889724310777
36005007500,0.7990336705420504
36005007600,0.7522299306243806
36005007700,0.8248210023866348
36005007800,0.6644078735075831
36005007900,1.0
36005008300,0.8109328764989877
36005008400,0.2296190815236739
36005008500,0.7770419426048565
36005008600,0.9121338912133892
36005008700,0.9855867147109509
36005008900,0.9236784485455114
36005009000,0.6972262773722627
36005009200,0.7365329753314315
36005009301,0.9248699271592091
36005009600,0.701182225845903
36005009800,0.4311887515977844
36005011502,0.8907276070396638
36005011701,0.9636986301369863
36005011800,0.3860873480414228
36005011900,0.9467736652472978
36005012101,0.7705544933078394
36005012102,0.993006993006993
36005012300,0.8317037653422092
36005012500,0.7543549608684675
36005012701,0.7691983122362869
36005012901,0.9076266252668349
36005013000,0.5158478605388273
36005013100,0.8032321467569338
36005013200,0.35887876277271474
36005013300,0.9386626445449975
36005013500,0.9369369369369369
36005013800,0.36342202761872683
36005014100,0.921353251318102
36005014300,1.0
36005014400,0.7823925593329057
36005014500,0.9940643033800495
36005014701,0.9869109947643979
36005014702,0.985471229210476
36005014900,0.7970265029088559
36005015100,0.8503780342220454
36005015200,0.49774943735933985
36005015300,0.873383752134667
36005015500,0.9261168384879725
36005015700,0.928
36005015800,0.4992857142857143
36005015900,0.9060523938572719
36005016000,0.32513451191391235
36005016100,0.9974730071215254
36005016200,0.44511825348696177
36005016400,0.5435643564356436
36005016500,1.0
36005016600,0.5160349854227405
36005016700,0.9088623507228158
36005016900,0.8525311812179017
36005017300,0.9495544239338001
36005017500,1.0
36005017701,0.9357707509881423
36005017702,0.7859412974387736
36005017901,0.8940027894002789
36005017902,1.0
36005018101,0.9433784208870714
36005018102,0.9571263035921205
36005018301,0.8289389067524116
36005018302,0.9701005708072846
36005018400,0.45924112607099143
36005018501,1.0
36005018502,0.9472247497725205
36005018900,0.9778711830881444
36005019300,0.9755722582849333
36005019400,0.508729388942774
36005019500,0.9679136690647482
36005019700,1.0
36005019900,0.9037685060565276
36005020000,0.8174308137133416
36005020100,1.0
36005020200,0.7738376674546887
36005020400,0.7966903073286052
36005020501,0.9688644688644689
36005020502,0.7173828881145954
36005020601,0.5709728867623605
36005020900,0.9783737024221453
36005021001,0.7891665609539515
36005021002,0.8237001514386674
36005021100,0.8667443021127932
36005021200,0.6609045226130653
36005021301,0.6061980347694633
36005021302,0.9514579470756784
36005021501,0.890860094318437
36005021502,0.8359137826350941
36005021601,0.8009995456610631
36005021602,0.6856533158240316
36005021700,0.9615545340576682
36005021800,0.7458391123439667
36005021900,1.0
36005022000,0.8935631018753167
36005022101,1.0
36005022102,1.0
36005022200,0.7627480916030535
36005022300,1.0
36005022401,0.8359285985567794
36005022403,0.8288986190636578
36005022404,0.7528723626488406
36005022500,0.9542997542997543
36005022701,0.9857911733046286
36005022702,0.9703038674033149
36005022703,1.0
36005022800,0.9123484981556297
36005022901,0.9745379102225575
36005022902,0.7914843977836103
36005023000,0.7987012987012987
36005023100,0.8089025326170376
36005023200,0.6878980891719745
36005023301,0.9412997903563941
36005023302,0.9810953572421462
36005023501,0.9960522320072882
36005023502,0.892543365622888
36005023600,0.9113924050632911
36005023702,0.9850327408793265
36005023703,0.9856037816931672
36005023704,1.0
36005023800,0.5988074957410562
36005023900,1.0
36005024000,0.4288224956063269
36005024100,1.0
36005024300,0.9987946966653274
36005024400,0.5671510347864377
36005024501,0.9571771902993227
36005024502,0.9441898085737396
36005024600,0.5698187163155316
36005024700,0.9891135303265941
36005024800,0.7324754486962411
36005025000,0.4117181314330958
36005025100,0.7941400885090798
36005025200,0.6978217821782178
36005025300,0.9911087866108786
36005025400,0.4296520423600605
36005025500,0.9366275823562256
36005025600,0.7432614555256065
36005025700,0.8597101449275363
36005026100,0.16024973985431842
36005026300,0.9123032444587215
36005026400,0.5280658436213992
36005026500,0.975049060835436
36005026601,0.8335032279986408
36005026602,0.8640592367571672
36005026701,0.9666574813998347
36005026702,0.934005616543273
36005026900,0.8964705882352941
36005027300,0.8374356834932555
36005027401,0.21659174499387004
36005027402,0.2072155411655874
36005027600,1.0
36005027700,0.9710287257549718
36005027900,0.7823101222359566
36005028100,0.42274939172749393
36005028300,0.9651520327980868
36005028500,0.7269964078474717
36005028600,0.3957894736842105
36005028700,0.6934106162294081
36005028800,0.3734679163662581
36005028900,0.7767382521794599
36005029301,0.0855457227138643
36005029302,0.3870847331093692
36005029500,0.45617095508068034
36005029600,0.6515388628064684
36005029700,0.3188367129135539
36005030000,0.5728053004065653
36005030100,0.3660130718954248
36005030201,0.6227970437748721
36005030202,0.6957087126137841
36005030701,0.5752909579230081
36005030900,0.41
36005031000,0.28270838953331534
36005031200,0.26681741096664785
36005031400,0.1585070285991275
36005031600,0.3719704952581665
36005031800,0.10597519729425028
36005032300,0.348289145705869
36005032400,0.8233366109472304
36005032600,0.4681118441721646
36005032800,0.7983991995997999
36005033000,0.8392857142857143
36005033201,0.7795259908384784
36005033202,0.7349768875192604
36005033400,1.0
36005033500,0.46484131922837585
36005033601,0.9738655262532668
36005033602,0.638801261829653
36005033700,0.2430167597765363
36005033801,0.7024756852343059
36005033802,0.9464805119255381
36005034000,0.7880939377389404
36005034200,0.5158730158730159
36005034300,0.48945409429280395
36005034400,0.4039235412474849
36005034500,0.3633513821601596
36005034800,0.6031927023945268
36005035000,0.39751552795031053
36005035100,0.5523489932885906
36005035600,0.3195402298850575
36005035800,0.36292632127050245
36005035900,0.9556868537666174
36005036000,0.2829496162829496
36005036100,0.978595436051654
36005036300,0.915774332747323
36005036400,0.3516794819910967
36005036501,0.9749498997995992
36005036502,0.9669488109633212
36005036700,0.6464489372731985
36005036800,0.23862536302032913
36005036901,0.8572911261027504
36005036902,0.9457432730480811
36005037000,0.35941912061315046
36005037100,0.8639558232931727
36005037200,0.6312471859522738
36005037300,0.90368
36005037400,0.7604823239243629
36005037504,0.9988760887889857
36005037600,0.6216358839050132
36005037800,0.799645390070922
36005037900,0.9336291038154392
36005038000,0.7099183197199533
36005038100,0.9768599488766312
36005038200,0.4218129288551824
36005038301,0.9935037720033529
36005038303,0.9471849865951742
36005038304,0.9734422880490297
36005038500,0.9878776217048297
36005038600,0.6821393762183235
36005038700,0.9640702139330773
36005038800,0.37504238724991523
36005038900,0.9906844106463878
36005039000,0.8113782593972232
36005039100,0.9300365271143579
36005039200,0.6914956011730206
36005039300,0.9496624422598602
36005039400,0.7979821141939922
36005039500,0.9092172301991662
36005039600,0.6796443162701273
36005039700,0.9384436701509872
36005039800,0.3701657458563536
36005039901,1.0
36005039902,0.9885714285714285
36005040100,0.9926454683106208
36005040302,0.9897834082550061
36005040303,0.9065960519980741
36005040304,0.9875199150292087
36005040400,0.4134179510426111
36005040501,0.9641709908574253
36005040502,0.9456873939206912
36005040600,0.6567164179104478
36005040701,0.9924192485168095
36005040702,0.9508980301274623
36005040800,0.759403107113655
36005040900,0.7841040462427745
36005041100,0.9319470699432892
36005041300,0.8923321901028908
36005041400,0.5881352328301085
36005041500,0.8962633451957296
36005041800,0.7153618509550713
36005041900,0.9922705314009662
36005042000,0.9315777098518693
36005042100,0.9200797390358826
36005042200,0.5426573426573427
36005042300,0.9642547660311959
36005042400,0.3954050785973398
36005042500,0.9653169314881257
36005042600,0.3355359765051395
36005042800,0.26216484607745777
36005042901,0.9570209973753281
36005042902,0.9351115670684791
36005043000,0.33069082672706684
36005043101,0.9862157691600809
36005043102,0.8582125603864734
36005043400,0.588981975120589
36005043501,1.0
36005043503,1.0
36005043600,0.5283218634197988
36005044200,0.4439723844928306
36005044400,0.2835352175863616
36005044800,0.30847457627118646
36005044901,0.4007760532150776
36005044902,0.6984499765147957
36005045101,0.6895424836601307
36005045102,0.4804745427582798
36005045600,0.3068602334187304
36005045800,1.0
36005046000,0.7037480063795853
36005046203,0.5575103489059728
36005046204,0.6578824988373896
36005046205,0.4968176712841632
36005046206,0.40986809965803617
36005046207,0.4924299205516414
36005046208,0.49791492910758967
36005046209,0.8097060008054773
36005048401,0.4934579439252336
36005051601,0.31763879128601546
36047000100,0.36512150296099655
36047000200,0.6796805678793256
36047000301,0.47223624432105
36047000501,0.4055727554179567
36047000502,0.5027808676307007
36047000700,0.5270400772573636
36047000900,0.6520852221214869
36047001100,0.8947368421052632
36047001300,0.21364282330648982
36047001501,0.9187878787878788
36047001502,0.746641074856046
36047002000,0.8131201764057332
36047002100,0.465476591444931
36047002200,0.686563614744352
36047002300,0.9724223602484472
36047002901,0.9875541125541125
36047003000,0.34810126582278483
36047003101,0.5975477821853589
36047003300,0.8669765382912793
36047003400,0.47589512263884975
36047003500,0.7158826269212856
36047003600,0.6355214399152991
36047003700,0.8419740777666999
36047003800,0.29788639365918096
36047003900,0.6393841166936791
36047004100,0.5989428477039973
36047004300,0.6967061923583663
36047004400,0.1460823373173971
36047004500,0.6655011655011654
36047004600,0.1880548829701372
36047004700,0.5483383685800605
36047004900,0.4909963985594238
36047005000,0.3503344481605351
36047005100,0.4457183805087782
36047005201,0.6812918951858623
36047005202,0.5245346869712352
36047005301,0.4925053533190578
36047005302,1.0
36047005400,0.6654275092936803
36047005601,0.49217002237136465
36047005602,0.34318840579710147
36047005800,0.6776401564537158
36047005900,0.8999165971643036
36047006000,0.7472560975609757
36047006200,0.7192592592592593
36047006300,0.6622827618600282
36047006400,0.6311281748375664
36047006500,0.4904603535795554
36047006600,0.7613579630554169
36047006700,0.44920713577799803
36047006800,0.7082917082917083
36047006901,0.6105664488017429
36047006902,0.5986159169550173
36047007000,0.45546875
36047007100,0.7594991364421416
36047007200,0.8630985915492958
36047007400,0.7177161152614728
36047007500,0.6105548602419691
36047007600,0.6987902399015788
36047007700,0.5664223136062936
36047007800,0.8352611286365229
36047008000,0.6265571913929785
36047008200,0.8606951871657754
36047008400,0.785067252264617
36047008500,1.0
36047008800,0.7572
36047009001,0.8476118271417741
36047009002,0.8733096085409253
36047009201,0.6458128078817734
36047009202,0.8759798432250839
36047009401,0.5855530474040632
36047009402,0.7863887984369912
36047009600,0.6551895381559345
36047009800,0.826497963932519
36047010000,0.7801507537688442
36047010100,0.6529177408014999
36047010200,0.6455499417022931
36047010401,0.7405997144217039
36047010402,0.8883153449084936
36047010601,0.9236051502145923
36047010602,0.5215268530847759
36047010801,0.6856396866840732
36047010802,0.8781684382665577
36047011000,0.45368072787427627
36047011200,0.7152130492676432
36047011400,0.7447384245339748
36047011600,0.7659383418138282
36047011700,0.7040612516644474
36047011800,0.9191583610188261
36047011901,0.6199261992619927
36047012000,0.5763546798029556
36047012100,0.4956477214541731
36047012200,0.738517946738711
36047012600,0.628003003003003
36047012700,0.7786096256684492
36047012801,0.7
36047012901,0.5271614384085692
36047012902,0.7276918011195258
36047013000,0.7918980053464939
36047013100,0.580309423347398
36047013200,0.4258064516129032
36047013300,0.5815806951516493
36047013400,0.6884677605731454
36047013500,0.4421580928481807
36047013600,0.49936948297604034
36047013700,0.6691263282172373
36047013800,0.6562756357670222
36047013900,0.685086155674391
36047014000,0.39332603938730853
36047014101,0.5636687444345503
36047014102,0.592797783933518
36047014200,0.6642816256439611
36047014300,0.6906233900051519
36047014500,0.6975722543352602
36047014700,0.4259567387687188
36047014800,0.35856905158069885
36047014901,0.5177631578947368
36047014902,0.6007988721804511
36047015000,0.38299120234604106
36047015100,0.43223000724812755
36047015200,0.3870967741935484
36047015300,0.5677267373380448
36047015500,0.4195557963163597
36047015700,0.5514262756126959
36047015900,0.38633754305396095
36047016000,0.8326814428509344
36047016100,0.5805929919137466
36047016200,0.583554376657825
36047016300,0.6396120469627361
36047016400,0.959409594095941
36047016500,0.42005676442762535
36047016600,0.10819672131147541
36047016700,0.5691433382445801
36047016800,0.23751178133836004
36047016900,0.5039929015084295
36047017000,0.4351770558969857
36047017100,0.5477587420793241
36047017200,0.5076027175671304
36047017400,0.3610989969472307
36047017600,0.4785831960461285
36047017800,0.5708870356330553
36047017900,0.5694407981097401
36047018000,0.5987281399046105
36047018100,0.7178402587708386
36047018200,0.4258703481392557
36047018300,0.6756658153958409
36047018400,0.22585227272727273
36047018501,0.9505695250376102
36047018600,0.5593380614657211
36047018700,0.5825958702064897
36047018800,0.5038515406162465
36047019000,0.7711551011529258
36047019100,0.5659420289855073
36047019200,0.6241877256317689
36047019300,0.5469873543268039
36047019400,0.5155598331729226
36047019500,0.36684860672220626
36047019600,0.6599348534201954
36047019700,0.4138402625820569
36047019800,0.3453307392996109
36047019900,0.8275570583262891
36047020000,0.3647007805724198
36047020100,0.6363422661024918
36047020200,0.3089887640449438
36047020300,0.6195436507936508
36047020400,0.11997828447339848
36047020500,0.5299604296212549
36047020600,0.3132335087009308
36047020700,0.4767645769399386
36047020800,0.5832274459974587
36047021000,0.5800544419698095
36047021100,0.7285714285714285
36047021200,0.6011066398390342
36047021300,0.9709239715701056
36047021400,0.6085769980506822
36047021500,0.6261853269006821
36047021600,0.7572619348320283
36047021700,0.799568384138117
36047021800,0.680844048796571
36047021900,0.6627651792245793
36047022000,0.8178528347406514
36047022100,0.7555895865237366
36047022200,0.7733892865959022
36047022400,0.5131132917038359
36047022600,0.4160881992650061
36047022700,0.6608836456164701
36047022800,0.7288965715932008
36047022900,0.6980426021876799
36047023000,0.7214235210935659
36047023100,0.6561587857559836
36047023200,0.7334060454970396
36047023300,0.8177883897925683
36047023400,0.8859548411787218
36047023500,0.817739739350321
36047023600,0.891832229580574
36047023800,0.8578369243768483
36047024000,0.7456852791878172
36047024100,0.7677691766361717
36047024200,0.6113247116392869
36047024300,0.5321378667908709
36047024400,0.661768942667819
36047024500,0.6441622103386809
36047024600,0.4311150029188558
36047024700,0.807774607703281
36047024800,0.46793061718434853
36047024900,0.7882079131109387
36047025000,0.5944835680751174
36047025100,0.8295480614819912
36047025200,0.7820842396677872
36047025300,0.5271794871794871
36047025400,0.5004769475357711
36047025500,0.9016453382084095
36047025600,0.6748752079866889
36047025700,0.8235511258767073
36047025800,0.8505830903790087
36047025901,0.8307163886162905
36047025902,0.9331444759206798
36047026000,0.5956354300385109
36047026100,0.990939531219224
36047026200,0.3920850128252107
36047026300,0.6731880835927079
36047026400,0.7673524756952295
36047026500,0.6824737228061598
36047026600,0.5951986754966887
36047026700,0.6363636363636364
36047026800,0.5699248120300752
36047026900,0.6711051930758988
36047027000,0.7359271523178808
36047027100,0.7395577395577395
36047027200,0.7517587939698492
36047027300,0.5077548944825833
36047027400,0.49056603773584906
36047027500,0.6064093883999098
36047027600,0.8017680150013394
36047027700,0.7753640486989735
36047027800,0.7035851472471191
36047027900,0.6688364524003255
36047028000,0.4063876651982379
36047028100,0.9213328075709779
36047028200,0.49077968295050145
36047028300,0.882338056680162
36047028400,0.7707331730769231
36047028501,1.0
36047028502,1.0
36047028600,0.9208027235262498
36047028700,0.7842761265580057
36047028800,0.6460317460317461
36047028900,0.764618138424821
36047029000,0.7400185701021356
36047029100,0.7344847775175644
36047029200,0.7556128082443871
36047029300,0.7088820397870552
36047029400,0.7305389221556886
36047029500,0.5204859456884231
36047029600,0.8419931158826421
36047029700,0.4072657743785851
36047029800,0.5877844311377246
36047029900,0.5818565400843881
36047030000,0.6852673359794537
36047030100,0.6232985121874011
36047030200,0.4506416584402764
36047030300,0.8045144804088586
36047030400,0.690522243713733
36047030500,0.9126984126984127
36047030600,0.36619718309859156
36047030700,0.8529364953047907
36047030800,0.2795983086680761
36047030900,0.7002622705133008
36047031100,0.7191380569758948
36047031300,0.6632782719186785
36047031401,0.5079089506172839
36047031500,0.8276325903151422
36047031701,0.635366388767003
36047031702,0.5663330767256864
36047031900,0.6494325346784363
36047032100,0.9116473873155165
36047032300,0.7033169533169533
36047032500,0.974342212779866
36047032600,0.8056550191381652
36047032700,0.679386457164235
36047032800,0.4731774415405777
36047032900,0.6706626706626707
36047033000,0.9317134478424801
36047033100,0.7672665369649806
36047033300,0.6413157343389901
36047033500,0.4909217877094972
36047033600,0.3581975071907958
36047033701,0.673320537428023
36047033702,0.6246701846965699
36047033900,0.6718684977111944
36047034000,1.0
36047034100,0.8387687797728105
36047034200,0.8616294947655895
36047034300,0.9345914647222818
36047034500,0.6178463855421686
36047034700,0.8855345911949686
36047034800,0.8644408688656476
36047034901,0.9879759519038076
36047034902,0.8891165172855313
36047035000,0.6981610653138871
36047035101,0.9084010840108401
36047035102,0.7791469194312797
36047035200,0.9946351931330472
36047035301,0.9730517115804806
36047035302,0.7843911327057395
36047035400,0.49627746504448883
36047035500,0.9708720828215477
36047035601,0.6447706422018349
36047035602,0.5654600542178281
36047035701,0.9392156862745098
36047035900,0.8822479928635147
36047036001,0.8272200772200772
36047036002,0.917516218721038
36047036100,0.8024209293244826
36047036200,0.7469345160448735
36047036300,0.8038398840789712
36047036400,0.6596810933940774
36047036501,0.8639455782312925
36047036502,0.8820224719101124
36047036600,0.7947542653425006
36047036700,0.626560726447219
36047036900,0.8629395852119026
36047037000,0.4062193927522037
36047037100,0.6549481812639707
36047037300,0.6603016994462478
36047037401,0.6049543676662321
36047037402,0.8408331695814502
36047037500,0.7773201537616694
36047037700,0.5712244897959183
36047037900,0.6767186840995361
36047038100,0.7951674903898956
36047038200,0.982481229889167
36047038300,0.5591625048021513
36047038500,0.5690322580645162
36047038600,0.49100834938985227
36047038700,0.47561249719037985
36047038800,0.6955650212979203
36047038900,0.7149035262807718
36047039000,0.3330618892508143
36047039100,0.98123550495467
36047039200,0.6466726350343182
36047039300,0.8003952569169961
36047039400,0.5548223350253807
36047039500,0.7627635960044395
36047039600,0.48668639053254437
36047039700,0.7794854660875375
36047039800,0.5187376725838264
36047039900,0.7737629459148446
36047040000,0.4421409724839804
36047040100,0.6368876080691642
36047040200,0.3715766099185788
36047040300,0.6299559471365639
36047040400,0.49034456645210145
36047040500,0.6402151983860122
36047040600,0.5356154039768437
36047040800,0.4525096525096525
36047040900,0.8692232055063913
36047041000,0.344391785150079
36047041100,0.5213675213675214
36047041200,0.5561594202898551
36047041300,0.6307314410480349
36047041401,0.6058394160583942
36047041402,0.6719307182883342
36047041500,0.695067264573991
36047041600,0.5880782918149466
36047041700,0.8537805236834363
36047041800,0.6487441130298273
36047041900,0.9297658862876255
36047042000,0.6042481833426495
36047042100,0.8029533917858791
36047042200,0.5993589743589743
36047042300,0.8743128435782109
36047042400,0.6129850367740299
36047042500,0.9495066744051074
36047042600,0.6095161614133708
36047042700,0.8782106164383562
36047042800,0.5850622406639004
36047042900,0.9620770128354725
36047043000,0.856237322515213
36047043100,0.9744157441574416
36047043200,0.7573106147824085
36047043300,0.9254424136930665
36047043400,0.6254154947583738
36047043500,0.7788268380875853
36047043600,0.7241872827642609
36047043700,0.8653622626888803
36047043800,0.8142322097378277
36047043900,0.5441749026654688
36047044000,0.6588072122052705
36047044100,0.9150557620817844
36047044200,0.4073783359497645
36047044300,0.888814317673378
36047044400,0.7467354995444883
36047044500,0.8320645905420992
36047044600,0.5962343096234309
36047044700,0.9061538461538462
36047044800,0.4377379010331702
36047044901,0.9828815977175464
36047045000,0.5686977299880526
36047045200,0.5838129496402877
36047045300,1.0
36047045400,0.6643468950749465
36047045600,0.7898814949863263
36047045800,0.2702702702702703
36047046000,0.48590481964231585
36047046201,0.6747037188393952
36047046202,0.31513260530421217
36047046400,0.5277064220183486
36047046800,0.5441860465116279
36047047000,0.4112537764350453
36047047200,0.7307814992025519
36047047400,0.6748942172073342
36047047600,0.6258931123178051
36047047700,0.7624040920716113
36047047800,0.48242047357091605
36047048000,0.7226415094339622
36047048100,0.8193979933110368
36047048200,0.6462371224026541
36047048400,0.803539183820874
36047048500,0.8439086294416244
36047048600,0.7555072913434688
36047048800,0.6016625477420804
36047048900,0.9878787878787879
36047049000,0.7779878971255674
36047049100,0.8401158580738595
36047049200,0.271560236998025
36047049301,1.0
36047049302,0.9563145353455124
36047049400,0.6103950982463554
36047049500,0.9007575757575758
36047049600,0.6899328859060403
36047049700,0.7338485316846987
36047049800,0.7358024691358025
36047049900,0.5857267188859878
36047050001,0.4478178368121442
36047050002,0.5742311770943797
36047050100,0.7655239327296248
36047050202,0.3493927125506073
36047050300,0.7901639344262295
36047050401,0.8154722036168788
36047050402,0.45828877005347596
36047050500,0.9404734005155847
36047050600,0.8053656869446343
36047050700,0.6759355509355509
36047050801,1.0
36047050803,0.9771133259505352
36047050804,0.8910829023664002
36047050900,0.6243673174258858
36047051001,1.0
36047051002,0.9468721251149954
36047051100,0.9143212951432129
36047051200,0.882334822116125
36047051300,0.864204236827811
36047051400,0.8579484425349087
36047051500,0.6760613628255441
36047051601,0.9303012404016539
36047051602,0.9682496607869742
36047051700,0.7309208169115012
36047051800,0.6333433103861119
36047051900,0.8530444964871194
36047052000,0.6484157865480823
36047052300,0.8420340293890178
36047052500,1.0
36047052600,0.6873786407766991
36047052700,0.9187683738202074
36047052800,0.38987614431879375
36047052900,0.9305982905982906
36047053000,0.689214887258897
36047053101,0.8493214787084699
36047053102,0.699716241028209
36047053200,0.4046977281478629
36047053300,0.7585571757482732
36047053400,0.6094890510948905
36047053500,0.8793262574988463
36047053700,0.7903813456400292
36047053800,0.7790600434855327
36047053900,0.8985765124555161
36047054200,0.7464239271781534
36047054400,0.6908176100628931
36047054500,0.9795029464514476
36047054600,0.7747984249015564
36047054700,0.8348214285714286
36047054800,0.5771533855366191
36047054900,0.8570227081581161
36047055000,0.5805387575590985
36047055100,0.7340804890473764
36047055200,0.6787979046043562
36047055300,0.792513714101323
36047055400,0.8186298669295219
36047055500,0.676381489606184
36047055600,0.608256351039261
36047055700,0.8814520703346569
36047055800,0.6886792452830188
36047056000,0.5256873090808108
36047056100,0.7716032231175326
36047056200,0.10031512605042017
36047056301,0.7369505494505495
36047056302,1.0
36047056400,0.1535172949863972
36047056500,0.81062424969988
36047056600,0.5800250731299624
36047056800,0.4054621848739496
36047056900,0.6501116071428571
36047057000,0.1631265930331351
36047057100,0.7768079800498753
36047057200,1.0
36047057300,0.6505466778805719
36047057400,0.26994328922495275
36047057500,0.8928711320015668
36047057600,0.342512908777969
36047057800,0.6363339856490542
36047057901,0.7773399014778325
36047058000,0.6331053351573187
36047058200,0.8076923076923077
36047058400,0.6373439273552781
36047058600,0.4370672097759674
36047058800,0.5286921060297116
36047058901,0.7629796839729119
36047059000,0.556135770234987
36047059100,0.8136443441183847
36047059200,0.6826086956521739
36047059300,0.7309322033898306
36047059402,0.25992522698949616
36047059403,0.43509458577951726
36047059404,0.4788041053101294
36047059600,0.43661971830985913
36047059800,0.6008254716981132
36047060000,0.4422661315220747
36047060600,0.5492438214680929
36047060800,0.6800830952999221
36047061002,0.48589939024390244
36047061003,0.7047018348623854
36047061004,0.8738466997870831
36047061200,0.24507042253521127
36047061600,0.10199004975124377
36047062000,0.29876977152899825
36047062200,0.7380073800738007
36047062600,0.27338355304457
36047062800,0.09775374376039933
36047063200,0.11541072640868975
36047063600,0.030705394190871368
36047063800,0.2570869990224829
36047064000,0.03747072599531616
36047064200,0.570097244732577
36047064400,0.38348765432098764
36047064600,0.10955816050495942
36047064800,0.14064765587240213
36047065000,0.2993920972644377
36047065200,0.11963696369636964
36047065400,0.09185918591859187
36047065600,0.06614349775784753
36047065800,0.17904432930339667
36047066000,0.12891809908998988
36047066200,0.2630402384500745
36047067000,0.33062430735131143
36047067200,0.23946360153256704
36047067400,0.1507334344967122
36047067600,0.31442542787286065
36047067800,0.4843078956062108
36047068000,0.125
36047068200,0.16699801192842942
36047068600,0.3944636678200692
36047068800,0.13631346578366446
36047069000,0.41454965357967666
36047069200,0.27178796046720577
36047069601,0.641399416909621
36047069602,0.14948256036795707
36047069800,0.16486486486486487
36047070000,0.32651622002820874
36047070201,0.28870292887029286
36047070202,1.0
36047070601,0.08005822416302766
36047072000,0.6902654867256637
36047072200,0.2989561586638831
36047072400,0.2993302421432251
36047072600,0.10787172011661808
36047072800,0.22492946909463965
36047073000,0.23531626506024098
36047073200,0.32269995376791494
36047073400,0.15035971223021583
36047073600,0.5592173017507724
36047073800,0.5490952239691487
36047074000,0.6298064840412164
36047074200,0.5163612565445026
36047074400,0.046207775653282344
36047074600,0.3069908814589666
36047074800,0.3069364161849711
36047075000,0.4493801652892562
36047075200,0.019230769230769232
36047075400,0.18323249783923942
36047075600,0.2595959595959596
36047075800,0.469050894085282
36047076000,0.6527636486944727
36047076200,0.849128670327047
36047076400,0.8217936802973977
36047076600,0.686062881276396
36047076800,0.5832264683252116
36047077000,0.6572769953051644
36047077200,0.4653495440729483
36047077400,0.7936320754716981
36047077600,0.38352039419655076
36047078000,0.17447199265381083
36047078200,0.7090775630046489
36047078400,0.333976833976834
36047078601,0.6976012583562721
36047078602,0.6394340483797353
36047078801,0.788235294117647
36047078802,0.8851727982162765
36047079001,0.8074433656957929
36047079002,0.8199637023593467
36047079201,0.6773255813953488
36047079202,0.798090692124105
36047079400,0.533929510783798
36047079601,0.8948604992657856
36047079602,0.8697674418604651
36047079801,0.71124150710315
36047079802,0.9705763804917372
36047080000,0.446965399886557
36047080200,0.6937269372693727
36047080400,0.6674662668665667
36047080600,0.7497889107796228
36047080800,0.9917355371900827
36047081000,0.8506308506308506
36047081400,0.4590356722853783
36047081600,0.6320243737305349
36047081800,0.8190160591384145
36047082000,0.9861526946107785
36047082200,0.8796876999872009
36047082400,0.7540156892043333
36047082600,0.6919849856480459
36047082800,0.6796769851951547
36047083000,0.7792578496669839
36047083200,0.2738682205289108
36047083400,0.30220107079119574
36047083600,0.24022066198595787
36047083800,0.27349577324714075
36047084000,0.2947746310331073
36047084600,0.40993132593766507
36047084800,0.34701492537313433
36047085000,0.12358845671267252
36047085200,0.0
36047085400,0.3587164750957854
36047085600,0.6908742121129077
36047085800,0.439873417721519
36047086000,0.5817711700064642
36047086200,0.7223650385604113
36047086400,0.45440251572327045
36047086600,0.6842105263157895
36047086800,0.8395221181788828
36047087000,0.6130209917858229
36047087200,0.5817524841915086
36047087401,0.8526507276507277
36047087600,0.5550561797752809
36047087800,0.9140170174652933
36047088001,0.4546891464699684
36047088002,0.4706397896581946
36047088200,0.6785147572199302
36047088400,0.6929926442121565
36047088600,0.917632241813602
36047088800,0.7990218910107126
36047089000,0.890342205323194
36047089200,0.9551005747126436
36047089400,0.6375039197240514
36047089600,0.8841600901916573
36047089800,0.7497765862377123
36047090000,0.8319383259911894
36047090200,0.7400074710496825
36047090600,0.9866973650550013
36047090800,0.9878484631879915
36047091000,1.0
36047091200,0.969264544456641
36047091600,0.8070836473247928
36047091800,0.6353996737357259
36047092000,0.580327868852459
36047092200,0.7539113428943938
36047092400,0.7476972366840208
36047092800,0.38979673176564367
36047093000,0.28580793182563097
36047093200,0.26078680203045684
36047093400,0.46251358203549436
36047093600,0.3189710610932476
36047093800,0.6223908918406073
36047094401,0.4192320996195088
36047094402,0.9821707851110416
36047094600,0.13404950957496498
36047095000,0.3140362225097025
36047095400,0.46784021665538256
36047095600,0.5255357957136343
36047095800,0.40072529465095197
36047096200,0.4954248366013072
36047096400,0.2910602910602911
36047096600,0.3431451612903226
36047096800,0.4139590854392298
36047097000,0.3963562753036437
36047097400,0.44889573703133023
36047098200,1.0
36047098400,0.25370086778968864
36047098600,0.5078492935635793
36047098800,0.4053117782909931
36047099000,0.30303030303030304
36047099200,0.26280623608017817
36047099400,0.447408152994464
36047099600,0.46551724137931033
36047099800,0.49195887160558927
36047100400,0.41378194758977677
36047100600,0.3526335450130743
36047100800,0.4472647702407002
36047101000,0.487698986975398
36047101200,0.44573991031390137
36047101400,0.43026706231454004
36047101600,0.1085972850678733
36047101800,0.06898313745528871
36047102000,0.38845553822152884
36047102200,0.45904298459042986
36047102400,0.3687384044526902
36047102600,0.3448275862068966
36047102801,0.1962843295638126
36047103401,1.0
36047105801,1.0
36047105804,0.9572031344183243
36047107001,0.5500124100273021
36047107800,0.3116822429906542
36047109800,0.6717763751127142
36047110400,0.5214587950836188
36047110600,1.0
36047111000,1.0
36047111600,0.6088388690639582
36047111800,0.721990620114643
36047112000,0.6117194436223735
36047112200,0.704644412191582
36047112400,0.6666666666666666
36047112600,0.7865291794646775
36047112800,0.6543093270365997
36047113000,0.6735653809971778
36047113200,0.6629766297662977
36047113400,0.9401349072512648
36047114201,0.342685370741483
36047114202,0.7319550235763511
36047114400,0.7808275297009423
36047114600,0.6921508664627931
36047115000,0.5705630791161797
36047115200,0.6825642613812326
36047115600,0.8589652728561304
36047115800,0.45283742331288346
36047116000,0.5842241061555473
36047116200,0.4618595825426945
36047116400,0.49328950972336344
36047116600,0.7268244575936884
36047116800,0.6765301986218079
36047117000,0.7575140091696383
36047117201,0.46170122725349133
36047117202,0.5093087952065054
36047117400,0.7039961713328547
36047117601,0.6127569528415961
36047117602,0.6536312849162011
36047117800,0.7181358787198203
36047118201,0.6984375
36047118202,0.7079322933952871
36047118400,0.64214463840399
36047118600,0.47115113988179
36047118800,0.712831348444103
36047119000,0.760752688172043
36047119200,0.7214748380667663
36047119400,0.7091836734693877
36047119600,0.7796400846859562
36047119800,0.6045723962743438
36047120000,0.4660007683442182
36047120200,0.20296296296296296
36047120801,0.49337623012869036
36047120802,0.9424349360388178
36047120803,0.3292824074074074
36047121000,1.0
36047121400,1.0
36047122000,0.8520833333333333
36047123700,0.7054403048264183
36047150200,0.48131868131868133
36047152200,0.2413793103448276
36061000201,1.0
36061000202,0.7646527045351815
36061000600,0.9524215714150317
36061000700,0.826816288755206
36061000800,0.981780442804428
36061000900,0.776411403018446
36061001001,0.1544811320754717
36061001002,1.0
36061001200,0.42585829072315556
36061001300,0.8086813412878009
36061001401,0.2325208466966004
36061001402,0.8931888544891641
36061001501,0.3801250868658791
36061001502,0.8716981132075472
36061001600,0.8180515759312321
36061001800,0.8909005037783375
36061002000,0.9780336958839838
36061002100,0.5435051546391753
36061002201,0.8993833659196871
36061002202,0.9072735006380264
36061002400,1.0
36061002500,1.0
36061002601,0.8735066760365425
36061002602,0.7705916473317865
36061002700,0.32051282051282054
36061002800,0.7658340048348107
36061002901,1.0
36061002902,0.8861997940267765
36061003001,0.9251504841664486
36061003002,0.9184746877054569
36061003100,0.6942675159235668
36061003200,0.7233526478911197
36061003300,0.507862450319682
36061003400,0.7865457294028723
36061003601,0.7783991611324712
36061003602,0.8143954710877477
36061003700,0.5402366863905326
36061003800,0.917687595712098
36061003900,0.564960346070656
36061004001,0.8562113932738504
36061004002,0.803725881570193
36061004100,0.9200964872606664
36061004200,0.5296281160604822
36061004300,0.8855335058958873
36061004400,1.0
36061004500,0.5278688524590164
36061004700,0.667477696674777
36061004800,0.38280946837407837
36061004900,0.6433582787652011
36061005000,0.44151804230609704
36061005200,0.35541904344010533
36061005400,0.44078224566029445
36061005501,0.7433628318584071
36061005502,0.6803601575689364
36061005600,0.5123363544813696
36061005700,0.5685400959561343
36061005800,0.8187396742978522
36061005900,0.321011673151751
36061006000,1.0
36061006100,0.46909463965119264
36061006200,1.0
36061006300,0.5277374909354605
36061006400,0.6649506052594963
36061006500,0.904561824729892
36061006600,0.6799646174259177
36061006700,0.8345743610384383
36061006800,0.6540775401069518
36061006900,0.5164427975914775
36061007001,0.5983175604626709
36061007002,0.859375
36061007100,0.5478803529158597
36061007200,0.787593423019432
36061007300,0.7833744276153575
36061007400,0.690179806362379
36061007500,0.5334602829162133
36061007600,0.7487458193979933
36061007700,0.6656084656084656
36061007800,0.7366136034732272
36061007900,0.6884350510567561
36061008000,0.48694254720771396
36061008100,0.5406958682820752
36061008200,0.549704308645452
36061008300,0.8634442683571051
36061008400,0.6395736175882745
36061008601,0.7662296130476495
36061008603,0.2652675760755509
36061008700,0.6150334257296592
36061008800,0.644907221999733
36061008900,0.7088122605363985
36061009000,0.6894923258559622
36061009100,0.64352
36061009200,0.6979677645409951
36061009300,0.5197568389057751
36061009400,0.9101123595505618
36061009500,0.6345363179534034
36061009600,0.5859030837004405
36061009700,0.4587277129650011
36061009800,0.7131773244900513
36061009901,0.6788321167883211
36061009902,0.9051357540071966
36061009903,0.9399563318777293
36061010000,0.795299938157081
36061010100,0.9917582417582418
36061010200,0.6391304347826087
36061010300,0.9588477366255144
36061010400,0.5328767123287671
36061010601,0.2260385555253869
36061010602,0.8124746861077359
36061010801,0.5909903468001431
36061010802,0.5475643382352942
36061010803,0.3784648187633262
36061010900,0.6124031007751938
36061011000,0.7819156245705647
36061011100,0.8650725875320239
36061011201,0.6837606837606838
36061011202,0.2028688524590164
36061011203,0.4479553903345725
36061011300,0.46153846153846156
36061011401,0.5257142857142857
36061011402,0.3331927456769296
36061011500,0.9182965299684542
36061011600,0.8591836734693877
36061011700,0.9963738920225624
36061011800,0.6171109472131493
36061011900,1.0
36061012000,0.4249912982944657
36061012101,0.9696504033807145
36061012102,0.9817568907396391
36061012200,0.36503067484662577
36061012400,0.7126337404085161
36061012500,0.9702633814783348
36061012601,0.3915329648105703
36061012602,0.6195582243191079
36061012700,0.730193027945837
36061012800,0.24763220205209155
36061012901,0.8320641827576829
36061012902,0.7588914549653579
36061013000,0.2501385041551247
36061013100,0.8936314363143631
36061013201,0.7237885462555066
36061013202,0.953081876724931
36061013203,0.5906008884732289
36061013300,0.7781684513345054
36061013400,0.6826880677308405
36061013501,0.9737360472751149
36061013502,0.9561628760088041
36061013601,0.08072009291521487
36061013602,0.610875936177141
36061013603,0.9432950191570881
36061013604,0.6730713245997089
36061013700,0.6911898274296094
36061013800,0.5421441924733805
36061013900,0.6966503182719399
36061014000,0.417314392924149
36061014200,0.2703984819734345
36061014401,0.3575542755870625
36061014402,0.591733571216176
36061014500,0.7679826933477556
36061014601,0.9001367989056087
36061014602,0.7379343057037827
36061014700,0.7609140518417462
36061014801,0.5482664853840925
36061014802,0.5957815205414765
36061014900,0.6667917448405253
36061015001,0.4634888438133874
36061015002,0.2325987344534148
36061015101,0.9210337401292176
36061015102,0.8014949148388678
36061015200,0.7859867751780264
36061015301,0.5368171021377672
36061015302,0.6784182055586644
36061015401,0.6896995708154506
36061015402,0.387278789433188
36061015403,0.6010792860107929
36061015501,0.39240755310778913
36061015502,0.450745113218502
36061015601,0.945179584120983
36061015602,0.9240506329113924
36061015700,0.6320417135262243
36061015801,0.5133861640608267
36061015802,0.9819699499165275
36061015900,0.43569993302076354
36061016001,0.13370473537604458
36061016002,0.6654078549848943
36061016100,0.6582258064516129
36061016200,0.9598527935764469
36061016300,0.40679429969771125
36061016400,0.9915482135996927
36061016500,0.5387177352206495
36061016600,0.9253507951356408
36061016700,0.5259207783182765
36061016800,0.9557389347336834
36061016900,0.7470693170234455
36061017000,0.8853764478764479
36061017100,0.42168121267799724
36061017200,0.9419220582671207
36061017300,0.6920107614925722
36061017401,0.8875301093199925
36061017402,0.8975879794385132
36061017500,0.552411234764176
36061017700,0.5612186242575206
36061017800,0.9425083240843507
36061017900,0.5811767084512738
36061018000,0.9253321779318313
36061018100,0.6677992977687167
36061018200,0.9379456835078137
36061018300,0.61067615658363
36061018400,0.9129405576012625
36061018500,0.6880697582243361
36061018600,0.9795600207864196
36061018700,0.5937176031515654
36061018800,0.9617563739376771
36061018900,0.8876628935603539
36061019000,0.5297122882495294
36061019100,0.5633333333333334
36061019200,0.9961117861482381
36061019300,0.8492548719908292
36061019400,0.8830371567043619
36061019500,0.6887676598125612
36061019600,1.0
36061019701,1.0
36061019702,0.9149755073477956
36061019800,0.48582995951417
36061019900,0.5796296296296296
36061020000,0.8131179960448253
36061020101,0.7696404793608522
36061020102,0.7706262425447317
36061020300,0.905511811023622
36061020500,0.8500338524035207
36061020600,0.8868413475381515
36061020701,0.9226190476190477
36061020800,0.796111309311452
36061020901,0.9786856127886323
36061021000,0.8780903665814151
36061021100,0.7776834959694527
36061021200,0.9525948103792415
36061021303,0.9650169272932452
36061021400,1.0
36061021500,0.9649207111965401
36061021600,0.8907116189614209
36061021800,0.7567520168361979
36061021900,0.9852867413476007
36061022000,0.8200769724182168
36061022102,0.5484114977307111
36061022200,0.7516462841015993
36061022301,0.9194375082139572
36061022302,0.9795783926218709
36061022400,0.9603548655392293
36061022500,0.8446360153256705
36061022600,0.7263416632527653
36061022700,0.7707944409873471
36061022800,0.6782977335724768
36061022900,0.9152128014223803
36061023000,0.9403942610521404
36061023100,0.8995726495726496
36061023200,0.9883091578263693
36061023300,0.8554398465332967
36061023400,0.9340522604728329
36061023501,0.8799946004319654
36061023502,0.9651232711966325
36061023600,0.7783195020746888
36061023700,0.9478182636077372
36061023802,0.9709727454021715
36061023803,0.46944858420268254
36061023804,0.8584753940173689
36061023900,0.9148387096774193
36061024100,0.7877300613496933
36061024200,0.9924080202452793
36061024301,0.9175812797680679
36061024302,0.9983669025585193
36061024500,0.970978332239002
36061024700,0.8067375886524822
36061024900,0.8685220729366603
36061025100,0.9838709677419355
36061025300,0.9741288278775079
36061025500,0.8914141414141414
36061025700,0.7864550264550264
36061025900,0.6749033089815213
36061026100,0.9621600315333071
36061026300,0.9865213972818151
36061026500,0.8845597104945718
36061026700,1.0
36061026900,0.8496051276181755
36061027100,0.8592964824120602
36061027300,0.6948786376922099
36061027500,0.3288633461047254
36061027700,1.0
36061027900,0.9328454983327158
36061028100,0.6851612903225807
36061028300,0.7882779456193354
36061028500,1.0
36061028700,0.959600876125578
36061029100,0.9674103785409878
36061029300,0.986112594808247
36061029500,0.9365099974032719
36061029900,0.9978952907129702
36061030300,0.9492559160770919
36061030700,0.5230690797858781
36061030900,0.91995841995842
36061031703,0.8753488372093023
36061031704,0.6068886991175634
36081000101,0.7358265367018102
36081000102,0.9423399262487429
36081000104,1.0
36081000200,0.4300274402195218
36081000400,0.4928239763613339
36081000600,0.5730134158926729
36081000701,0.544750696810158
36081000702,0.8069487251330905
36081000800,0.23725728155339806
36081001000,0.5036465930402168
36081001200,0.5297042658989793
36081001400,0.56197505726648
36081001600,0.40938775510204084
36081001800,0.5117707267144319
36081001901,0.7662551440329218
36081001902,0.7908677604269618
36081001903,0.92143906020558
36081002000,0.4864524259609326
36081002200,0.5710295291300878
36081002400,0.5113393239195549
36081002500,0.9954572387912305
36081002600,0.4239465570400822
36081002800,0.47237331806470084
36081003000,0.2782386726228462
36081003100,0.7917620137299771
36081003200,0.4068965517241379
36081003301,0.919047619047619
36081003302,0.681766704416761
36081003400,0.3203155818540434
36081003600,0.5766733266733267
36081003800,0.6400638467677574
36081003900,0.8688394276629571
36081004001,0.49662314272850067
36081004002,0.42900485436893204
36081004200,0.37742150968603877
36081004300,1.0
36081004401,0.48473684210526313
36081004500,0.19455535390199638
36081004700,0.8820662768031189
36081005100,0.9280575539568345
36081005200,0.42079043507140484
36081005300,0.7341864716636197
36081005400,0.3539040759535112
36081005500,0.8323029366306027
36081005700,0.9261992619926199
36081005800,0.45126919460984016
36081005900,0.7948513800424628
36081006100,0.9371081132433973
36081006201,0.11004947961098789
36081006202,0.503493246390312
36081006300,0.7654061624649859
36081006501,0.9322501532801962
36081006502,0.8334264952487423
36081006900,0.7679431904641136
36081007100,0.8933206710984489
36081007300,0.9012311135982093
36081007500,0.832007274380541
36081007700,0.8499201703033529
36081007900,0.6476923076923077
36081008100,0.7962128043282236
36081008300,0.8651226158038147
36081008500,0.9078260869565218
36081008600,0.40652173913043477
36081008700,0.9749762432689262
36081008800,0.36885698509110987
36081009100,0.519774011299435
36081009400,0.47615979381443296
36081009500,0.7225682798275036
36081009600,0.23803827751196172
36081009700,0.6359246740704974
36081009800,0.5336500395882818
36081010000,0.35689922480620156
36081010100,0.5743917032309533
36081010200,0.3603180339718106
36081010300,0.7372822299651568
36081010400,0.22162324049116502
36081010500,0.8673949896402335
36081010600,0.3516355140186916
36081010800,0.3766025641025641
36081011000,0.5416666666666666
36081011100,0.7073584265852831
36081011200,0.5018094089264173
36081011300,0.7028789923526766
36081011400,0.6314009661835749
36081011500,0.7036416910841357
36081011600,0.5014164305949008
36081011700,0.8097412480974124
36081011800,0.46602972399150744
36081011900,0.8355471220746363
36081012000,0.48752327746741153
36081012100,0.4586108468125595
36081012200,0.31161137440758296
36081012301,0.5812681042806566
36081012400,0.4818983875874658
36081012500,0.900286944045911
36081012601,0.4366689993002099
36081012602,0.4583673469387755
36081012800,0.34959349593495936
36081013000,0.4920553562275756
36081013200,0.5339858618814574
36081013400,0.504751257685858
36081013500,0.24821428571428572
36081013600,0.5664509706321553
36081013700,0.6741458439571647
36081013800,0.4262621238497886
36081014000,0.4448078495502862
36081014100,0.7548426150121066
36081014201,0.5776892430278885
36081014202,0.6366797044763146
36081014300,0.8526876267748479
36081014400,0.6780072904009721
36081014500,0.7480851063829788
36081014700,0.856805133400878
36081014800,0.21512709237445754
36081014900,0.9732142857142857
36081015000,0.2703826955074875
36081015100,0.776822429906542
36081015200,0.44728915662650603
36081015300,0.8557358053302433
36081015400,0.40948942753996903
36081015500,0.6725708502024291
36081015600,0.3002144388849178
36081015700,0.9567486950037286
36081015801,0.33264675592173015
36081015802,0.4045481747456613
36081015900,0.8861963190184049
36081016100,0.7262684124386252
36081016300,0.9131686255696809
36081016400,0.15148218656513462
36081016600,0.2873089056054356
36081016800,0.3405860168262257
36081016900,0.5968778696051423
36081017000,0.24018299656881434
36081017102,1.0
36081017200,0.17757483510908167
36081017400,0.21215686274509804
36081017600,0.1986046511627907
36081017800,0.2644554011653967
36081017901,0.9132379248658319
36081017902,0.0
36081018000,0.2412831241283124
36081018101,0.8906832298136645
36081018102,0.8562535370684776
36081018200,0.21583956492182188
36081018300,0.8772426817752597
36081018401,0.4145420207743154
36081018402,0.17211404728789986
36081018501,0.6067106710671067
36081018502,0.8495776478232618
36081018600,0.3857442348008386
36081018700,0.7412562455389008
36081018800,0.38760806916426516
36081018900,0.6191529709228825
36081019000,0.21209709510545166
36081019200,0.16279069767441862
36081019400,0.16454039908406934
36081019600,0.5116346713205352
36081019800,0.4988520826500492
36081019901,0.5616438356164384
36081019902,1.0
36081020200,0.22602739726027396
36081020400,0.7726063829787234
36081020500,0.5476190476190477
36081020600,0.5421443020903574
36081020800,0.6259013556388808
36081021200,0.7731259968102073
36081021400,0.6938230383973288
36081021601,0.45016310257339615
36081021602,0.6014536644457904
36081022001,0.7483820047355959
36081022002,0.5040525433202907
36081023000,0.2613756613756614
36081023200,0.5560292326431181
36081023501,0.9081952530228392
36081023502,0.9781987133666905
36081023600,0.6666666666666666
36081023800,0.8579672375279226
36081024000,0.9685952751449993
36081024300,0.403462285815227
36081024500,0.5679115376590862
36081024700,0.7363505747126436
36081024900,0.8008726695755652
36081025100,0.5944032366824006
36081025301,0.8484988452655889
36081025302,0.8660951817913095
36081025401,0.38182720953326715
36081025402,0.7207057256990679
36081025500,0.8007683863885839
36081025700,0.4660493827160494
36081025800,0.29400079459674217
36081025900,0.6695083830633702
36081026000,0.6800699300699301
36081026100,0.8621067031463748
36081026200,0.23859191655801826
36081026300,0.8110599078341014
36081026400,0.30405671524222133
36081026501,0.93324816352603
36081026502,0.8977777777777778
36081026600,0.4752650176678445
36081026700,0.821247892074199
36081026901,0.8685093780848964
36081026902,0.771723475756121
36081027000,0.17866323907455012
36081027101,0.7702444614209321
36081027102,0.9597864768683274
36081027200,0.36436436436436437
36081027301,0.7809983896940419
36081027302,0.7673142857142857
36081027400,0.10798593671521849
36081027500,0.6134359692092373
36081027600,0.4965079365079365
36081027701,0.7500688895012401
36081027702,0.5291491596638656
36081027800,0.6109599689078896
36081027900,0.7900388098318241
36081028000,0.25123456790123455
36081028100,0.6289659707381227
36081028200,0.4173795587573165
36081028300,0.7068692206076618
36081028400,0.30198019801980197
36081028500,0.5177880897138438
36081028700,0.7405639913232104
36081028801,0.3633622314361101
36081028802,0.3827054794520548
36081028900,0.7421630094043887
36081029100,0.7016555726233146
36081029300,0.6576354679802956
36081029400,0.40280967175469407
36081029500,0.44734251968503935
36081029700,0.5613510047028645
36081030600,0.2750816104461371
36081030903,0.39049103663289164
36081030904,0.4366812227074236
36081030905,0.651043448511803
36081030906,0.7358808654116324
36081031700,0.4876237623762376
36081032000,0.4321885184256706
36081032700,0.6479975910870219
36081032800,0.309254327563249
36081032900,0.3056080655324512
36081033000,0.27568178606754273
36081033401,0.40495485065987497
36081033403,0.9072710538426139
36081033404,0.9175805346127485
36081033405,0.46356635071090047
36081033700,0.4241928892521455
36081033900,0.2608695652173913
36081034700,0.5878125
36081035100,0.36356164383561645
36081035200,0.2229965156794425
36081035300,0.5301484230055659
36081035700,0.36856788592684436
36081035800,0.3510028653295129
36081036100,0.4874486535828389
36081036300,0.610078277886497
36081036500,0.6231454005934718
36081036600,0.2911262798634812
36081036700,0.6010879419764279
36081036800,0.2861046057767369
36081037100,0.28736462093862813
36081037300,0.6024380652772316
36081037501,0.8607954545454546
36081037502,0.7672540381791483
36081037600,0.23110047846889953
36081037700,0.7960019267822736
36081037900,0.8047452896022331
36081038100,0.7107709912744958
36081038400,0.21123417721518986
36081039400,0.33924278846153844
36081039800,0.16016796640671865
36081039901,0.693010325655282
36081039902,0.8021766965428937
36081040000,0.05322294500295683
36081040101,0.5490883590462833
36081040102,0.819838056680162
36081040200,0.06457142857142857
36081040301,0.7838781339257379
36081040302,0.7288503253796096
36081040400,0.20755133583572533
36081040501,0.9343971631205674
36081040502,0.821335646140503
36081040701,0.9668117519042437
36081040702,0.8071872840359364
36081040901,0.6606890042472865
36081040902,0.8572628043660789
36081041100,0.48675324675324677
36081041300,0.8195652173913044
36081041400,0.36680530798177857
36081041500,0.7542750058561724
36081042400,0.26009316770186336
36081042700,0.7411816578483245
36081043200,0.1594896331738437
36081043400,0.11903455842018651
36081043701,0.7435294117647059
36081043702,0.6319003115264797
36081043900,0.8139607354315986
36081044000,0.6416562107904642
36081044301,0.9343085106382979
36081044302,0.6615834551911427
36081044400,0.622005790997631
36081044601,0.8680360157568936
36081044602,0.8605964753727972
36081044800,0.5444790584977501
36081045000,0.3567864271457086
36081045200,0.249
36081045400,0.706043377553169
36081045500,1.0
36081045600,0.09531502423263329
36081045700,0.6586345381526104
36081045800,0.4868839427662957
36081045900,0.5843088418430884
36081046000,0.743236753641748
36081046100,0.7529316619490497
36081046200,0.717935071846727
36081046300,0.7686111789113986
36081046400,0.4318546231961518
36081046500,0.7499453551912568
36081046600,0.7652284263959391
36081046700,0.9521075479624702
36081046800,0.3612453032742888
36081046901,0.6961424332344214
36081046902,0.8377158034528552
36081047000,0.32493483927019984
36081047100,0.826068376068376
36081047200,0.41767068273092367
36081047300,0.6432947583390062
36081047500,0.6523564205304331
36081047600,0.09614035087719298
36081047801,0.21104651162790697
36081047802,0.3884476534296029
36081047900,0.7197821503865074
36081048000,0.21181434599156118
36081048100,0.805870083432658
36081048200,0.47898493259318004
36081048301,0.6900826446280992
36081048302,0.7454620462046204
36081048400,0.33367430441898527
36081048500,0.5834609494640123
36081048900,0.627906976744186
36081049201,0.9265447667087011
36081049202,0.2043307086614173
36081049301,0.4408145948239287
36081049302,0.6667777407530823
36081049500,0.6319095477386935
36081049600,0.09072978303747535
36081049700,0.41231463571889104
36081049900,0.5350036845983788
36081050000,0.855315394794883
36081050201,0.2963970088375255
36081050202,0.17010309278350516
36081050400,0.28399781540142
36081050500,0.3511688311688312
36081050600,0.15851137146795313
36081050700,0.4441873915558126
36081050800,0.3314350797266515
36081051000,0.1521516393442623
36081051100,0.3560993425858291
36081051200,0.13500897666068223
36081051300,0.4902456647398844
36081051500,0.3503480278422274
36081051600,0.24445450430058852
36081051700,0.45972803347280333
36081051800,0.12611408199643495
36081052000,0.2749822820694543
36081052100,0.4140744518103009
36081052200,0.12168141592920353
36081052400,0.18793503480278423
36081052500,0.32271844660194177
36081052600,0.1763985300122499
36081052800,0.25842696629213485
36081053000,0.07075471698113207
36081053100,0.4796875
36081053200,0.18491691521090753
36081053401,0.22041207474844274
36081053501,0.7036163522012578
36081053601,0.2564102564102564
36081053800,0.14561933534743202
36081053901,0.5371900826446281
36081053902,0.0
36081054000,0.4012787723785166
36081054200,0.1819164265129683
36081054500,0.8426246999199787
36081054700,0.8833030486573794
36081054800,0.18446601941747573
36081054900,0.9730197163611207
36081055100,0.936145952109464
36081055200,0.4523809523809524
36081055300,0.9083945100542611
36081055400,0.46964740094511087
36081055500,0.731002331002331
36081055600,0.1278131634819533
36081055700,0.8159006211180124
36081055800,0.18774373259052926
36081055900,0.7538860103626943
36081056000,0.1694610778443114
36081056100,0.0
36081056200,0.05146533238027162
36081056400,0.3185840707964602
36081056500,0.5317594154019112
36081056600,0.32748538011695905
36081056700,0.45946489639911486
36081056800,0.24600041554124247
36081057700,0.6844181459566075
36081057900,0.7098108747044918
36081058000,0.15496872828353023
36081058100,0.5982578397212543
36081058200,0.11971312982714233
36081058300,0.76177801437317
36081058500,0.8103597745990464
36081058700,0.7113636363636363
36081058900,0.893647837781916
36081059000,0.10202360876897133
36081059100,0.7558139534883721
36081059200,0.060927152317880796
36081059300,0.7254806522268191
36081059400,0.022598870056497175
36081059501,0.6948012232415902
36081059502,0.7121495327102804
36081059600,0.046284224250325946
36081059800,0.3979933110367893
36081059900,0.47229916897506924
36081060000,0.06521739130434782
36081060100,0.5854945054945055
36081060300,0.5256091496767777
36081060600,0.08033033033033032
36081060701,0.0
36081060800,0.12274143302180686
36081061000,0.13771320277953253
36081061200,0.08809055118110236
36081061301,0.7608995857171039
36081061400,0.06987475280158208
36081061601,0.093713393205779
36081061602,0.07996051332675222
36081061800,0.13432835820895522
36081061900,0.5241320914479255
36081062000,0.08771929824561403
36081062100,0.628129117259552
36081062200,0.09153206069505629
36081062300,0.5239602169981917
36081062500,0.577238951896754
36081062600,0.11560307383895757
36081062700,0.5484210526315789
36081062900,0.6913294797687861
36081063000,0.19008264462809918
36081063200,0.04932912391475927
36081063301,0.4504889975550122
36081063302,0.42408376963350786
36081063500,0.23874223602484473
36081063700,0.2534741523068371
36081063800,0.10161793925631564
36081063900,0.4527584020291693
36081064101,0.07834471675371635
36081064500,0.3999011369253584
36081064600,0.16872427983539096
36081065000,0.1113698098564222
36081065401,0.27599557522123896
36081065600,0.32159339324751035
36081065702,0.42097902097902096
36081065703,0.4176126590987272
36081065900,0.10551181102362205
36081066000,0.24055415617128464
36081066100,0.07653383934218849
36081066301,0.16576086956521738
36081066401,0.27694406548431105
36081066402,0.28624078624078625
36081066403,0.5080178541907754
36081066501,0.3929452392698569
36081066701,0.3612950699043414
36081066900,0.5836177474402731
36081067100,0.10811930405965203
36081067700,0.15728563913729615
36081067900,0.8024630541871921
36081068000,0.19567912165751727
36081068200,0.2527881040892193
36081068300,0.4795390404515522
36081068700,0.5863340563991323
36081069000,0.4521880064829822
36081069300,0.7723342939481268
36081069400,0.4033164699269252
36081069500,0.40422010757136945
36081069701,0.8548640754886543
36081069702,0.27895595432300163
36081070300,0.35572374645222327
36081070700,0.20662401204365827
36081070900,0.45966101694915257
36081071100,0.3677332886580667
36081071303,0.5812307133781085
36081071304,0.4799031476997579
36081071305,0.7794117647058824
36081071306,0.8014246256723361
36081071701,0.5481869303858833
36081071702,0.39747634069400634
36081071900,0.7844604316546763
36081072100,0.3056646102075154
36081072300,0.11963589076723016
36081072900,0.11413843888070692
36081073100,0.208778840742825
36081073700,0.5827505827505828
36081073900,0.5138317757009346
36081074100,0.3800268096514745
36081074300,0.5378235737622519
36081074500,0.6757782839787395
36081074700,0.4194954842728122
36081074900,0.3011325782811459
36081075701,0.3370485036119711
36081075702,0.28501564945226915
36081076901,0.49694625407166126
36081076902,0.6977491961414791
36081077300,0.3402394106813996
36081077500,0.6490004649000465
36081077902,0.3661944116489571
36081077903,0.46578054298642535
36081077904,0.5452447667710565
36081077905,0.23476968796433878
36081077906,0.37543053960964407
36081077907,0.8001152073732719
36081077908,0.9624238320920785
36081078800,0.2881002087682672
36081079000,0.546205860255447
36081079200,0.3317326930772309
36081079701,0.7541666666666667
36081079702,0.6885832187070151
36081079900,0.6717964824120602
36081080301,0.5607427055702918
36081080302,0.45625152327565194
36081080900,0.29318271377906213
36081081400,0.1751544854037929
36081081800,0.3522476050110538
36081083700,0.33163265306122447
36081083800,0.293865661411926
36081084000,0.23185791591508256
36081084500,0.8240032219089811
36081084601,0.1676796567751162
36081084602,0.399364406779661
36081084901,0.9360795454545454
36081084902,0.90725
36081085300,0.6181272283730531
36081085500,0.9524036930913722
36081085700,0.7713713713713714
36081085900,0.4976423648893725
36081086100,0.5295178008111762
36081086300,0.8672408672408672
36081086400,0.3638763197586727
36081086500,0.8106369290156552
36081086900,0.7997630331753555
36081087100,0.8024858757062147
36081088400,0.2195069204152249
36081088902,0.6577044316706843
36081088903,0.09727140179129348
36081089201,0.06802180331592096
36081090700,0.3177304964539007
36081091603,0.031210352702359806
36081091800,0.0
36081091900,0.4232960125712041
36081092200,0.1412793373216751
36081092500,0.6705523175131834
36081092800,0.14473308592634884
36081092900,0.4593470313878734
36081093401,0.34021426704990854
36081093402,0.3060598312452058
36081093800,0.7402272727272727
36081093900,0.5368933515898372
36081094201,0.7087813620071685
36081094202,0.6051273227804542
36081094203,0.5890234059725585
36081094500,0.38033763654419067
36081094700,0.5149875104079933
36081095400,0.4478164322723908
36081096400,0.32056924882629106
36081097202,1.0
36081097204,0.6714689265536723
36081097205,1.0
36081097206,0.8992052023121387
36081097300,0.129004329004329
36081098100,0.15698653198653198
36081098700,0.2826251896813354
36081099100,0.10926265332017482
36081099200,0.7205410362219166
36081099701,0.06348074179743224
36081099703,0.36934233558389595
36081099704,0.25905673274094326
36081099705,0.22720063441712926
36081099801,0.6887837525963536
36081099802,0.8795915005765113
36081100801,0.18498743718592964
36081100803,0.4704980842911877
36081100804,0.36794336540206934
36081101002,0.3293269230769231
36081101003,0.7276736493936052
36081101004,0.5986350341241469
36081101700,0.07839137403467872
36081102900,0.4426888825050273
36081103201,0.797991967871486
36081103202,0.6528163677696388
36081103300,0.34400515685431887
36081103900,0.44386533314551346
36081104700,0.3523782316811884
36081105900,0.03343988197688714
36081107201,0.180506993006993
36081108500,0.35738963531669865
36081109300,0.06769230769230769
36081109700,0.2820218265364733
36081109900,0.20274809160305343
36081111300,0.2262861736334405
36081112300,0.7168620378719567
36081112900,0.3726298433635614
36081113300,0.24635456638526476
36081113900,0.49517207229512256
36081114100,0.13565573770491804
36081114700,0.2671867381764993
36081115100,0.14842105263157895
36081115500,0.6234626300851467
36081115700,0.5521588402143083
36081115900,0.6037691401648999
36081116100,0.6173160173160173
36081116301,0.8330811901159859
36081116302,0.7058971141781681
36081116700,0.7847663012117715
36081117100,0.5131470829909613
36081117500,0.3453859804791482
36081118100,0.591628381827463
36081118500,0.7724032586558045
36081118700,0.5577705451586655
36081118900,0.5162192393736018
36081119100,0.4316109422492401
36081119300,0.2846820809248555
36081119500,0.32153614457831325
36081119900,0.2345597897503285
36081120100,0.5218617771509168
36081120300,0.2712574850299401
36081120500,0.5778597785977859
36081120701,0.17679738562091504
36081121500,0.37919310970081593
36081122300,0.26221832016388646
36081122702,0.9059151621899311
36081122703,0.587173860034138
36081122704,0.35595744680851066
36081124100,0.2836807320793086
36081124700,0.19906772689882096
36081125700,0.4523730501161633
36081126500,0.122397155916709
36081126700,0.26322314049586776
36081127700,0.13532401524777637
36081129102,0.060542797494780795
36081129103,0.2542754275427543
36081129104,0.27308043875685556
36081130100,0.10056439199589533
36081133300,0.1809235427706283
36081133900,0.03617181612660136
36081134100,0.30344450519409516
36081134701,0.9142910033320992
36081134702,0.714925677051517
36081136700,0.39871734709838885
36081137700,0.34934329126963687
36081138501,0.5495060877555709
36081139900,0.08376288659793814
36081140300,0.12368728121353559
36081140901,0.30688753269398433
36081140902,0.25245098039215685
36081141700,0.15460323969653475
36081142900,0.2295843520782396
36081143500,0.16806722689075632
36081144100,0.22856154910096818
36081144700,0.40681754680078236
36081145101,0.1793991416309013
36081145102,0.32286995515695066
36081145900,0.2401730977280923
36081146300,0.40307692307692305
36081146700,0.7418555240793201
36081147100,0.35903763109191855
36081147900,0.3595117457392906
36081148300,0.10783989414488919
36081150701,0.25126582278481013
36081150702,0.1596958174904943
36081152901,0.2381599049397386
36081152902,0.26087657106026424
36081155101,0.058850574712643676
36081155103,0.4750277469478357
36081155104,0.46151304922365377
36081156700,0.5995145631067961
36081157101,0.31547338671691005
36081157102,0.3178147268408551
36081157901,0.10827448850262539
36081157902,0.11859771258080556
36081157903,0.1713939393939394
36081161700,0.17610837438423646
36081162100,0.3681896687078034
36085000300,0.7487512487512488
36085000600,0.4102079395085066
36085000700,0.8367077464788732
36085000800,0.2054794520547945
36085000900,0.5654450261780105
36085001100,0.5607601713062098
36085001700,0.3691275167785235
36085001800,0.9665492957746479
36085002001,0.34388489208633094
36085002002,0.285857908847185
36085002100,0.7808537616229924
36085002700,0.7292616226071102
36085002900,0.6705118961788031
36085003300,0.4164805162571358
36085003600,0.3880936890045543
36085003900,0.7875354107648725
36085004001,0.29461922963834164
36085004002,0.1305037683458945
36085004003,0.913841368584759
36085004004,0.4667336178759729
36085004700,0.31407787762088146
36085005000,0.2456449834619625
36085005901,0.3152755905511811
36085006400,0.3137378182961333
36085006700,0.2647058823529412
36085007001,0.18032786885245902
36085007002,0.26194368755676656
36085007400,0.31582137805617294
36085007500,0.4273881833241303
36085007700,0.579324462640737
36085008100,0.41112682696841113
36085009601,0.30638297872340425
36085009602,0.3136904761904762
36085009701,0.3970315398886827
36085009702,0.09523809523809523
36085010500,0.537679769894535
36085011201,0.19109170305676856
36085011203,0.27225291589932477
36085011204,1.0
36085011401,0.4890678941311853
36085011402,0.1711764705882353
36085012100,0.015340364333652923
36085012200,0.15157845868152275
36085012500,0.3618463524854745
36085012804,0.21658986175115208
36085012805,0.13947481704692208
36085012806,0.4987464183381089
36085013201,0.07810320781032078
36085013203,0.17892016082711085
36085013204,0.255515443241075
36085013301,0.9575289575289575
36085013302,0.6141078838174274
36085013400,0.33116001086661234
36085013800,0.06877293760970161
36085014100,0.38329519450800914
36085014604,0.18865227954837788
36085014605,0.15837937384898712
36085014606,0.12770137524557956
36085014607,0.18723317747509657
36085014608,0.03739184177997528
36085014700,0.19527834450597492
36085015100,0.13559021623537754
36085015601,0.1625533211456429
36085015602,0.10302351623740201
36085015603,0.1254026197122611
36085016901,0.20584530108339633
36085017005,0.14575067863854668
36085017007,0.045998445998446
36085017009,0.1529739407201114
36085017011,0.17822816548265774
36085017012,0.13275862068965516
36085017013,0.09019695613249776
36085017014,0.1469103149795624
36085017015,0.12695590327169273
36085017016,0.07863031071655041
36085017300,0.5614702154626109
36085017600,0.05126646403242148
36085017701,0.05826397146254459
36085017702,0.06932773109243698
36085018100,0.16159105034182722
36085018701,0.2055929570170896
36085018703,0.311531007751938
36085018704,0.09565987599645705
36085018901,0.1244684963277928
36085018902,0.21692869620454183
36085019700,0.09910358565737051
36085019800,0.22084637365627977
36085020100,0.2653704676826064
36085020701,0.41002138710663
36085020702,0.5445544554455446
36085020803,0.16450107228459696
36085020804,0.1465563747527423
36085020805,0.10540141191922509
36085020806,0.12837837837837837
36085021300,0.4487228364468166
36085022300,0.30007363770250367
36085022601,0.2127103888566454
36085022602,0.36250861474844936
36085022801,1.0
36085023100,0.3392529087568892
36085023900,0.25671641791044775
36085024401,0.12738977760436987
36085024402,0.10178320977759968
36085024700,0.3235294117647059
36085024800,0.15937996820349762
36085025100,0.14972358722358722
36085027301,0.15094804235409998
36085027302,0.25504994450610435
36085027702,0.2640049520272362
36085027704,0.19165044343499893
36085027705,0.20351157222665603
36085027706,0.16247002398081534
36085027900,0.0868609125893348
36085029102,0.11504995165968418
36085029104,0.22047014162651482
36085029105,0.31271626297577854
36085029106,0.1520790927595231
36085030301,0.28825924669155073
36085030302,0.16567304675243175
36085031901,0.7287581699346405
36085031902,0.37263493328022307
36085032300,0.14474845542806708
